Command line invocation:
    /Applications/Xcode.app/Contents/Developer/usr/bin/xcodebuild -project VoiceForge.xcodeproj -scheme VoiceForge -configuration Release -derivedDataPath build CODE_SIGN_IDENTITY=- CODE_SIGNING_REQUIRED=NO CODE_SIGNING_ALLOWED=NO

User defaults from command line:
    IDEDerivedDataPathOverride = /Users/nikhilreddy/Documents/Voice2Txt/VoiceInk/VoiceForge/build
    IDEPackageSupportUseBuiltinSCM = YES

Build settings from command line:
    CODE_SIGN_IDENTITY = -
    CODE_SIGNING_ALLOWED = NO
    CODE_SIGNING_REQUIRED = NO

Resolve Package Graph

Fetching from https://github.com/sparkle-project/Sparkle.git (cached)

Fetching from https://github.com/sindresorhus/KeyboardShortcuts.git (cached)

Creating working copy of package ‘KeyboardShortcuts’

Checking out 2.3.0 of package ‘KeyboardShortcuts’

Creating working copy of package ‘Sparkle’

Checking out 2.8.1 of package ‘Sparkle’


Resolved source packages:
  Sparkle: https://github.com/sparkle-project/Sparkle.git @ 2.8.1
  KeyboardShortcuts: https://github.com/sindresorhus/KeyboardShortcuts.git @ 2.3.0

--- xcodebuild: WARNING: Using the first of multiple matching destinations:
{ platform:macOS, arch:arm64, id:00006000-001428E10C23401E, name:My Mac }
{ platform:macOS, arch:x86_64, id:00006000-001428E10C23401E, name:My Mac }
{ platform:macOS, name:Any Mac }
Prepare packages

note: Using codesigning identity override: -
ComputeTargetDependencyGraph
note: Building targets in dependency order
note: Target dependency graph (5 targets)
    Target 'VoiceForge' in project 'VoiceForge'
        ➜ Explicit dependency on target 'KeyboardShortcuts' in project 'KeyboardShortcuts'
        ➜ Explicit dependency on target 'Sparkle' in project 'Sparkle'
    Target 'Sparkle' in project 'Sparkle' (no dependencies)
    Target 'KeyboardShortcuts' in project 'KeyboardShortcuts'
        ➜ Explicit dependency on target 'KeyboardShortcuts' in project 'KeyboardShortcuts'
        ➜ Explicit dependency on target 'KeyboardShortcuts_KeyboardShortcuts' in project 'KeyboardShortcuts'
    Target 'KeyboardShortcuts' in project 'KeyboardShortcuts'
        ➜ Explicit dependency on target 'KeyboardShortcuts_KeyboardShortcuts' in project 'KeyboardShortcuts'
    Target 'KeyboardShortcuts_KeyboardShortcuts' in project 'KeyboardShortcuts' (no dependencies)

GatherProvisioningInputs

CreateBuildDescription

ExecuteExternalTool /Applications/Xcode.app/Contents/Developer/Toolchains/XcodeDefault.xctoolchain/usr/bin/swiftc --version

ExecuteExternalTool /Applications/Xcode.app/Contents/Developer/Toolchains/XcodeDefault.xctoolchain/usr/bin/clang -v -E -dM -isysroot /Applications/Xcode.app/Contents/Developer/Platforms/MacOSX.platform/Developer/SDKs/MacOSX15.2.sdk -x c -c /dev/null

ExecuteExternalTool /Applications/Xcode.app/Contents/Developer/Toolchains/XcodeDefault.xctoolchain/usr/bin/ld -version_details

Build description signature: 3c30c904b99cb396042d3892da648945
Build description path: /Users/nikhilreddy/Documents/Voice2Txt/VoiceInk/VoiceForge/build/Build/Intermediates.noindex/XCBuildData/3c30c904b99cb396042d3892da648945.xcbuilddata
ClangStatCache /Applications/Xcode.app/Contents/Developer/Toolchains/XcodeDefault.xctoolchain/usr/bin/clang-stat-cache /Applications/Xcode.app/Contents/Developer/Platforms/MacOSX.platform/Developer/SDKs/MacOSX15.2.sdk /Users/nikhilreddy/Documents/Voice2Txt/VoiceInk/VoiceForge/build/SDKStatCaches.noindex/macosx15.2-24C94-1dd28740b163f220e3e9b9fd2a542f53.sdkstatcache
    cd /Users/nikhilreddy/Documents/Voice2Txt/VoiceInk/VoiceForge/VoiceForge.xcodeproj
    /Applications/Xcode.app/Contents/Developer/Toolchains/XcodeDefault.xctoolchain/usr/bin/clang-stat-cache /Applications/Xcode.app/Contents/Developer/Platforms/MacOSX.platform/Developer/SDKs/MacOSX15.2.sdk -o /Users/nikhilreddy/Documents/Voice2Txt/VoiceInk/VoiceForge/build/SDKStatCaches.noindex/macosx15.2-24C94-1dd28740b163f220e3e9b9fd2a542f53.sdkstatcache

CreateBuildDirectory /Users/nikhilreddy/Documents/Voice2Txt/VoiceInk/VoiceForge/build/Build/Intermediates.noindex
    cd /Users/nikhilreddy/Documents/Voice2Txt/VoiceInk/VoiceForge/VoiceForge.xcodeproj
    builtin-create-build-directory /Users/nikhilreddy/Documents/Voice2Txt/VoiceInk/VoiceForge/build/Build/Intermediates.noindex

CreateBuildDirectory /Users/nikhilreddy/Documents/Voice2Txt/VoiceInk/VoiceForge/build/Build/Products
    cd /Users/nikhilreddy/Documents/Voice2Txt/VoiceInk/VoiceForge/VoiceForge.xcodeproj
    builtin-create-build-directory /Users/nikhilreddy/Documents/Voice2Txt/VoiceInk/VoiceForge/build/Build/Products

CreateBuildDirectory /Users/nikhilreddy/Documents/Voice2Txt/VoiceInk/VoiceForge/build/Build/Products/Release
    cd /Users/nikhilreddy/Documents/Voice2Txt/VoiceInk/VoiceForge/VoiceForge.xcodeproj
    builtin-create-build-directory /Users/nikhilreddy/Documents/Voice2Txt/VoiceInk/VoiceForge/build/Build/Products/Release

WriteAuxiliaryFile /Users/nikhilreddy/Documents/Voice2Txt/VoiceInk/VoiceForge/build/Build/Intermediates.noindex/VoiceForge.build/Release/VoiceForge-72268df20f7cf1da32413e0eb8a958ab-VFS/all-product-headers.yaml
    cd /Users/nikhilreddy/Documents/Voice2Txt/VoiceInk/VoiceForge/VoiceForge.xcodeproj
    write-file /Users/nikhilreddy/Documents/Voice2Txt/VoiceInk/VoiceForge/build/Build/Intermediates.noindex/VoiceForge.build/Release/VoiceForge-72268df20f7cf1da32413e0eb8a958ab-VFS/all-product-headers.yaml

CreateBuildDirectory /Users/nikhilreddy/Documents/Voice2Txt/VoiceInk/VoiceForge/build/Build/Intermediates.noindex/EagerLinkingTBDs/Release
    cd /Users/nikhilreddy/Documents/Voice2Txt/VoiceInk/VoiceForge/VoiceForge.xcodeproj
    builtin-create-build-directory /Users/nikhilreddy/Documents/Voice2Txt/VoiceInk/VoiceForge/build/Build/Intermediates.noindex/EagerLinkingTBDs/Release

CreateBuildDirectory /Users/nikhilreddy/Documents/Voice2Txt/VoiceInk/VoiceForge/build/Build/Products/Release/PackageFrameworks
    cd /Users/nikhilreddy/Documents/Voice2Txt/VoiceInk/VoiceForge/VoiceForge.xcodeproj
    builtin-create-build-directory /Users/nikhilreddy/Documents/Voice2Txt/VoiceInk/VoiceForge/build/Build/Products/Release/PackageFrameworks

WriteAuxiliaryFile /Users/nikhilreddy/Documents/Voice2Txt/VoiceInk/VoiceForge/build/Build/Intermediates.noindex/KeyboardShortcuts.build/Release/KeyboardShortcuts_KeyboardShortcuts.build/KeyboardShortcuts_KeyboardShortcuts.DependencyMetadataFileList (in target 'KeyboardShortcuts_KeyboardShortcuts' from project 'KeyboardShortcuts')
    cd /Users/nikhilreddy/Documents/Voice2Txt/VoiceInk/VoiceForge/build/SourcePackages/checkouts/KeyboardShortcuts
    write-file /Users/nikhilreddy/Documents/Voice2Txt/VoiceInk/VoiceForge/build/Build/Intermediates.noindex/KeyboardShortcuts.build/Release/KeyboardShortcuts_KeyboardShortcuts.build/KeyboardShortcuts_KeyboardShortcuts.DependencyMetadataFileList

WriteAuxiliaryFile /Users/nikhilreddy/Documents/Voice2Txt/VoiceInk/VoiceForge/build/Build/Intermediates.noindex/KeyboardShortcuts.build/Release/KeyboardShortcuts_KeyboardShortcuts.build/empty-KeyboardShortcuts_KeyboardShortcuts.plist (in target 'KeyboardShortcuts_KeyboardShortcuts' from project 'KeyboardShortcuts')
    cd /Users/nikhilreddy/Documents/Voice2Txt/VoiceInk/VoiceForge/build/SourcePackages/checkouts/KeyboardShortcuts
    write-file /Users/nikhilreddy/Documents/Voice2Txt/VoiceInk/VoiceForge/build/Build/Intermediates.noindex/KeyboardShortcuts.build/Release/KeyboardShortcuts_KeyboardShortcuts.build/empty-KeyboardShortcuts_KeyboardShortcuts.plist

WriteAuxiliaryFile /Users/nikhilreddy/Documents/Voice2Txt/VoiceInk/VoiceForge/build/Build/Intermediates.noindex/KeyboardShortcuts.build/Release/KeyboardShortcuts.build/Objects-normal/x86_64/KeyboardShortcuts_const_extract_protocols.json (in target 'KeyboardShortcuts' from project 'KeyboardShortcuts')
    cd /Users/nikhilreddy/Documents/Voice2Txt/VoiceInk/VoiceForge/build/SourcePackages/checkouts/KeyboardShortcuts
    write-file /Users/nikhilreddy/Documents/Voice2Txt/VoiceInk/VoiceForge/build/Build/Intermediates.noindex/KeyboardShortcuts.build/Release/KeyboardShortcuts.build/Objects-normal/x86_64/KeyboardShortcuts_const_extract_protocols.json

WriteAuxiliaryFile /Users/nikhilreddy/Documents/Voice2Txt/VoiceInk/VoiceForge/build/Build/Intermediates.noindex/KeyboardShortcuts.build/Release/KeyboardShortcuts.build/Objects-normal/x86_64/KeyboardShortcuts.SwiftFileList (in target 'KeyboardShortcuts' from project 'KeyboardShortcuts')
    cd /Users/nikhilreddy/Documents/Voice2Txt/VoiceInk/VoiceForge/build/SourcePackages/checkouts/KeyboardShortcuts
    write-file /Users/nikhilreddy/Documents/Voice2Txt/VoiceInk/VoiceForge/build/Build/Intermediates.noindex/KeyboardShortcuts.build/Release/KeyboardShortcuts.build/Objects-normal/x86_64/KeyboardShortcuts.SwiftFileList

WriteAuxiliaryFile /Users/nikhilreddy/Documents/Voice2Txt/VoiceInk/VoiceForge/build/Build/Intermediates.noindex/KeyboardShortcuts.build/Release/KeyboardShortcuts.build/Objects-normal/x86_64/KeyboardShortcuts-OutputFileMap.json (in target 'KeyboardShortcuts' from project 'KeyboardShortcuts')
    cd /Users/nikhilreddy/Documents/Voice2Txt/VoiceInk/VoiceForge/build/SourcePackages/checkouts/KeyboardShortcuts
    write-file /Users/nikhilreddy/Documents/Voice2Txt/VoiceInk/VoiceForge/build/Build/Intermediates.noindex/KeyboardShortcuts.build/Release/KeyboardShortcuts.build/Objects-normal/x86_64/KeyboardShortcuts-OutputFileMap.json

WriteAuxiliaryFile /Users/nikhilreddy/Documents/Voice2Txt/VoiceInk/VoiceForge/build/Build/Intermediates.noindex/KeyboardShortcuts.build/Release/KeyboardShortcuts.build/Objects-normal/x86_64/KeyboardShortcuts.LinkFileList (in target 'KeyboardShortcuts' from project 'KeyboardShortcuts')
    cd /Users/nikhilreddy/Documents/Voice2Txt/VoiceInk/VoiceForge/build/SourcePackages/checkouts/KeyboardShortcuts
    write-file /Users/nikhilreddy/Documents/Voice2Txt/VoiceInk/VoiceForge/build/Build/Intermediates.noindex/KeyboardShortcuts.build/Release/KeyboardShortcuts.build/Objects-normal/x86_64/KeyboardShortcuts.LinkFileList

WriteAuxiliaryFile /Users/nikhilreddy/Documents/Voice2Txt/VoiceInk/VoiceForge/build/Build/Intermediates.noindex/KeyboardShortcuts.build/Release/KeyboardShortcuts.build/Objects-normal/arm64/KeyboardShortcuts_const_extract_protocols.json (in target 'KeyboardShortcuts' from project 'KeyboardShortcuts')
    cd /Users/nikhilreddy/Documents/Voice2Txt/VoiceInk/VoiceForge/build/SourcePackages/checkouts/KeyboardShortcuts
    write-file /Users/nikhilreddy/Documents/Voice2Txt/VoiceInk/VoiceForge/build/Build/Intermediates.noindex/KeyboardShortcuts.build/Release/KeyboardShortcuts.build/Objects-normal/arm64/KeyboardShortcuts_const_extract_protocols.json

WriteAuxiliaryFile /Users/nikhilreddy/Documents/Voice2Txt/VoiceInk/VoiceForge/build/Build/Intermediates.noindex/KeyboardShortcuts.build/Release/KeyboardShortcuts.build/Objects-normal/arm64/KeyboardShortcuts.SwiftFileList (in target 'KeyboardShortcuts' from project 'KeyboardShortcuts')
    cd /Users/nikhilreddy/Documents/Voice2Txt/VoiceInk/VoiceForge/build/SourcePackages/checkouts/KeyboardShortcuts
    write-file /Users/nikhilreddy/Documents/Voice2Txt/VoiceInk/VoiceForge/build/Build/Intermediates.noindex/KeyboardShortcuts.build/Release/KeyboardShortcuts.build/Objects-normal/arm64/KeyboardShortcuts.SwiftFileList

WriteAuxiliaryFile /Users/nikhilreddy/Documents/Voice2Txt/VoiceInk/VoiceForge/build/Build/Intermediates.noindex/KeyboardShortcuts.build/Release/KeyboardShortcuts.build/Objects-normal/arm64/KeyboardShortcuts.LinkFileList (in target 'KeyboardShortcuts' from project 'KeyboardShortcuts')
    cd /Users/nikhilreddy/Documents/Voice2Txt/VoiceInk/VoiceForge/build/SourcePackages/checkouts/KeyboardShortcuts
    write-file /Users/nikhilreddy/Documents/Voice2Txt/VoiceInk/VoiceForge/build/Build/Intermediates.noindex/KeyboardShortcuts.build/Release/KeyboardShortcuts.build/Objects-normal/arm64/KeyboardShortcuts.LinkFileList

WriteAuxiliaryFile /Users/nikhilreddy/Documents/Voice2Txt/VoiceInk/VoiceForge/build/Build/Intermediates.noindex/KeyboardShortcuts.build/Release/KeyboardShortcuts.build/Objects-normal/arm64/KeyboardShortcuts-OutputFileMap.json (in target 'KeyboardShortcuts' from project 'KeyboardShortcuts')
    cd /Users/nikhilreddy/Documents/Voice2Txt/VoiceInk/VoiceForge/build/SourcePackages/checkouts/KeyboardShortcuts
    write-file /Users/nikhilreddy/Documents/Voice2Txt/VoiceInk/VoiceForge/build/Build/Intermediates.noindex/KeyboardShortcuts.build/Release/KeyboardShortcuts.build/Objects-normal/arm64/KeyboardShortcuts-OutputFileMap.json

WriteAuxiliaryFile /Users/nikhilreddy/Documents/Voice2Txt/VoiceInk/VoiceForge/build/Build/Intermediates.noindex/KeyboardShortcuts.build/Release/KeyboardShortcuts.build/KeyboardShortcuts.modulemap (in target 'KeyboardShortcuts' from project 'KeyboardShortcuts')
    cd /Users/nikhilreddy/Documents/Voice2Txt/VoiceInk/VoiceForge/build/SourcePackages/checkouts/KeyboardShortcuts
    write-file /Users/nikhilreddy/Documents/Voice2Txt/VoiceInk/VoiceForge/build/Build/Intermediates.noindex/KeyboardShortcuts.build/Release/KeyboardShortcuts.build/KeyboardShortcuts.modulemap

WriteAuxiliaryFile /Users/nikhilreddy/Documents/Voice2Txt/VoiceInk/VoiceForge/build/Build/Intermediates.noindex/KeyboardShortcuts.build/Release/KeyboardShortcuts.build/KeyboardShortcuts.DependencyMetadataFileList (in target 'KeyboardShortcuts' from project 'KeyboardShortcuts')
    cd /Users/nikhilreddy/Documents/Voice2Txt/VoiceInk/VoiceForge/build/SourcePackages/checkouts/KeyboardShortcuts
    write-file /Users/nikhilreddy/Documents/Voice2Txt/VoiceInk/VoiceForge/build/Build/Intermediates.noindex/KeyboardShortcuts.build/Release/KeyboardShortcuts.build/KeyboardShortcuts.DependencyMetadataFileList

WriteAuxiliaryFile /Users/nikhilreddy/Documents/Voice2Txt/VoiceInk/VoiceForge/build/Build/Intermediates.noindex/KeyboardShortcuts.build/Release/KeyboardShortcuts.build/DerivedSources/resource_bundle_accessor.swift (in target 'KeyboardShortcuts' from project 'KeyboardShortcuts')
    cd /Users/nikhilreddy/Documents/Voice2Txt/VoiceInk/VoiceForge/build/SourcePackages/checkouts/KeyboardShortcuts
    write-file /Users/nikhilreddy/Documents/Voice2Txt/VoiceInk/VoiceForge/build/Build/Intermediates.noindex/KeyboardShortcuts.build/Release/KeyboardShortcuts.build/DerivedSources/resource_bundle_accessor.swift

MkDir /Users/nikhilreddy/Documents/Voice2Txt/VoiceInk/VoiceForge/build/Build/Products/Release/KeyboardShortcuts_KeyboardShortcuts.bundle/Contents/Resources (in target 'KeyboardShortcuts_KeyboardShortcuts' from project 'KeyboardShortcuts')
    cd /Users/nikhilreddy/Documents/Voice2Txt/VoiceInk/VoiceForge/build/SourcePackages/checkouts/KeyboardShortcuts
    /bin/mkdir -p /Users/nikhilreddy/Documents/Voice2Txt/VoiceInk/VoiceForge/build/Build/Products/Release/KeyboardShortcuts_KeyboardShortcuts.bundle/Contents/Resources

MkDir /Users/nikhilreddy/Documents/Voice2Txt/VoiceInk/VoiceForge/build/Build/Products/Release/KeyboardShortcuts_KeyboardShortcuts.bundle/Contents (in target 'KeyboardShortcuts_KeyboardShortcuts' from project 'KeyboardShortcuts')
    cd /Users/nikhilreddy/Documents/Voice2Txt/VoiceInk/VoiceForge/build/SourcePackages/checkouts/KeyboardShortcuts
    /bin/mkdir -p /Users/nikhilreddy/Documents/Voice2Txt/VoiceInk/VoiceForge/build/Build/Products/Release/KeyboardShortcuts_KeyboardShortcuts.bundle/Contents

MkDir /Users/nikhilreddy/Documents/Voice2Txt/VoiceInk/VoiceForge/build/Build/Products/Release/KeyboardShortcuts_KeyboardShortcuts.bundle (in target 'KeyboardShortcuts_KeyboardShortcuts' from project 'KeyboardShortcuts')
    cd /Users/nikhilreddy/Documents/Voice2Txt/VoiceInk/VoiceForge/build/SourcePackages/checkouts/KeyboardShortcuts
    /bin/mkdir -p /Users/nikhilreddy/Documents/Voice2Txt/VoiceInk/VoiceForge/build/Build/Products/Release/KeyboardShortcuts_KeyboardShortcuts.bundle

ProcessXCFramework /Users/nikhilreddy/Documents/Voice2Txt/VoiceInk/VoiceForge/VoiceForge/Frameworks/whisper.xcframework /Users/nikhilreddy/Documents/Voice2Txt/VoiceInk/VoiceForge/build/Build/Products/Release/libwhisper.a macos
    cd /Users/nikhilreddy/Documents/Voice2Txt/VoiceInk/VoiceForge/VoiceForge.xcodeproj
    builtin-process-xcframework --xcframework /Users/nikhilreddy/Documents/Voice2Txt/VoiceInk/VoiceForge/VoiceForge/Frameworks/whisper.xcframework --platform macos --target-path /Users/nikhilreddy/Documents/Voice2Txt/VoiceInk/VoiceForge/build/Build/Products/Release

Copy /Users/nikhilreddy/Documents/Voice2Txt/VoiceInk/VoiceForge/build/Build/Intermediates.noindex/GeneratedModuleMaps/KeyboardShortcuts.modulemap /Users/nikhilreddy/Documents/Voice2Txt/VoiceInk/VoiceForge/build/Build/Intermediates.noindex/KeyboardShortcuts.build/Release/KeyboardShortcuts.build/KeyboardShortcuts.modulemap (in target 'KeyboardShortcuts' from project 'KeyboardShortcuts')
    cd /Users/nikhilreddy/Documents/Voice2Txt/VoiceInk/VoiceForge/build/SourcePackages/checkouts/KeyboardShortcuts
    builtin-copy -exclude .DS_Store -exclude CVS -exclude .svn -exclude .git -exclude .hg -strip-unsigned-binaries -strip-deterministic -strip-tool /Applications/Xcode.app/Contents/Developer/Toolchains/XcodeDefault.xctoolchain/usr/bin/strip -resolve-src-symlinks /Users/nikhilreddy/Documents/Voice2Txt/VoiceInk/VoiceForge/build/Build/Intermediates.noindex/KeyboardShortcuts.build/Release/KeyboardShortcuts.build/KeyboardShortcuts.modulemap /Users/nikhilreddy/Documents/Voice2Txt/VoiceInk/VoiceForge/build/Build/Intermediates.noindex/GeneratedModuleMaps

ProcessInfoPlistFile /Users/nikhilreddy/Documents/Voice2Txt/VoiceInk/VoiceForge/build/Build/Products/Release/KeyboardShortcuts_KeyboardShortcuts.bundle/Contents/Info.plist /Users/nikhilreddy/Documents/Voice2Txt/VoiceInk/VoiceForge/build/Build/Intermediates.noindex/KeyboardShortcuts.build/Release/KeyboardShortcuts_KeyboardShortcuts.build/empty-KeyboardShortcuts_KeyboardShortcuts.plist (in target 'KeyboardShortcuts_KeyboardShortcuts' from project 'KeyboardShortcuts')
    cd /Users/nikhilreddy/Documents/Voice2Txt/VoiceInk/VoiceForge/build/SourcePackages/checkouts/KeyboardShortcuts
    builtin-infoPlistUtility /Users/nikhilreddy/Documents/Voice2Txt/VoiceInk/VoiceForge/build/Build/Intermediates.noindex/KeyboardShortcuts.build/Release/KeyboardShortcuts_KeyboardShortcuts.build/empty-KeyboardShortcuts_KeyboardShortcuts.plist -producttype com.apple.product-type.bundle -expandbuildsettings -platform macosx -o /Users/nikhilreddy/Documents/Voice2Txt/VoiceInk/VoiceForge/build/Build/Products/Release/KeyboardShortcuts_KeyboardShortcuts.bundle/Contents/Info.plist

CpResource /Users/nikhilreddy/Documents/Voice2Txt/VoiceInk/VoiceForge/build/Build/Products/Release/KeyboardShortcuts_KeyboardShortcuts.bundle/Contents/Resources/zh-TW.lproj/Localizable.strings /Users/nikhilreddy/Documents/Voice2Txt/VoiceInk/VoiceForge/build/SourcePackages/checkouts/KeyboardShortcuts/Sources/KeyboardShortcuts/Localization/zh-TW.lproj/Localizable.strings (in target 'KeyboardShortcuts_KeyboardShortcuts' from project 'KeyboardShortcuts')
    cd /Users/nikhilreddy/Documents/Voice2Txt/VoiceInk/VoiceForge/build/SourcePackages/checkouts/KeyboardShortcuts
    builtin-copy -exclude .DS_Store -exclude CVS -exclude .svn -exclude .git -exclude .hg -strip-unsigned-binaries -strip-deterministic -strip-tool /Applications/Xcode.app/Contents/Developer/Toolchains/XcodeDefault.xctoolchain/usr/bin/strip -resolve-src-symlinks /Users/nikhilreddy/Documents/Voice2Txt/VoiceInk/VoiceForge/build/SourcePackages/checkouts/KeyboardShortcuts/Sources/KeyboardShortcuts/Localization/zh-TW.lproj/Localizable.strings /Users/nikhilreddy/Documents/Voice2Txt/VoiceInk/VoiceForge/build/Build/Products/Release/KeyboardShortcuts_KeyboardShortcuts.bundle/Contents/Resources/zh-TW.lproj

CpResource /Users/nikhilreddy/Documents/Voice2Txt/VoiceInk/VoiceForge/build/Build/Products/Release/KeyboardShortcuts_KeyboardShortcuts.bundle/Contents/Resources/zh-Hans.lproj/Localizable.strings /Users/nikhilreddy/Documents/Voice2Txt/VoiceInk/VoiceForge/build/SourcePackages/checkouts/KeyboardShortcuts/Sources/KeyboardShortcuts/Localization/zh-Hans.lproj/Localizable.strings (in target 'KeyboardShortcuts_KeyboardShortcuts' from project 'KeyboardShortcuts')
    cd /Users/nikhilreddy/Documents/Voice2Txt/VoiceInk/VoiceForge/build/SourcePackages/checkouts/KeyboardShortcuts
    builtin-copy -exclude .DS_Store -exclude CVS -exclude .svn -exclude .git -exclude .hg -strip-unsigned-binaries -strip-deterministic -strip-tool /Applications/Xcode.app/Contents/Developer/Toolchains/XcodeDefault.xctoolchain/usr/bin/strip -resolve-src-symlinks /Users/nikhilreddy/Documents/Voice2Txt/VoiceInk/VoiceForge/build/SourcePackages/checkouts/KeyboardShortcuts/Sources/KeyboardShortcuts/Localization/zh-Hans.lproj/Localizable.strings /Users/nikhilreddy/Documents/Voice2Txt/VoiceInk/VoiceForge/build/Build/Products/Release/KeyboardShortcuts_KeyboardShortcuts.bundle/Contents/Resources/zh-Hans.lproj

CpResource /Users/nikhilreddy/Documents/Voice2Txt/VoiceInk/VoiceForge/build/Build/Products/Release/KeyboardShortcuts_KeyboardShortcuts.bundle/Contents/Resources/sk.lproj/Localizable.strings /Users/nikhilreddy/Documents/Voice2Txt/VoiceInk/VoiceForge/build/SourcePackages/checkouts/KeyboardShortcuts/Sources/KeyboardShortcuts/Localization/sk.lproj/Localizable.strings (in target 'KeyboardShortcuts_KeyboardShortcuts' from project 'KeyboardShortcuts')
    cd /Users/nikhilreddy/Documents/Voice2Txt/VoiceInk/VoiceForge/build/SourcePackages/checkouts/KeyboardShortcuts
    builtin-copy -exclude .DS_Store -exclude CVS -exclude .svn -exclude .git -exclude .hg -strip-unsigned-binaries -strip-deterministic -strip-tool /Applications/Xcode.app/Contents/Developer/Toolchains/XcodeDefault.xctoolchain/usr/bin/strip -resolve-src-symlinks /Users/nikhilreddy/Documents/Voice2Txt/VoiceInk/VoiceForge/build/SourcePackages/checkouts/KeyboardShortcuts/Sources/KeyboardShortcuts/Localization/sk.lproj/Localizable.strings /Users/nikhilreddy/Documents/Voice2Txt/VoiceInk/VoiceForge/build/Build/Products/Release/KeyboardShortcuts_KeyboardShortcuts.bundle/Contents/Resources/sk.lproj

CpResource /Users/nikhilreddy/Documents/Voice2Txt/VoiceInk/VoiceForge/build/Build/Products/Release/KeyboardShortcuts_KeyboardShortcuts.bundle/Contents/Resources/ru.lproj/Localizable.strings /Users/nikhilreddy/Documents/Voice2Txt/VoiceInk/VoiceForge/build/SourcePackages/checkouts/KeyboardShortcuts/Sources/KeyboardShortcuts/Localization/ru.lproj/Localizable.strings (in target 'KeyboardShortcuts_KeyboardShortcuts' from project 'KeyboardShortcuts')
    cd /Users/nikhilreddy/Documents/Voice2Txt/VoiceInk/VoiceForge/build/SourcePackages/checkouts/KeyboardShortcuts
    builtin-copy -exclude .DS_Store -exclude CVS -exclude .svn -exclude .git -exclude .hg -strip-unsigned-binaries -strip-deterministic -strip-tool /Applications/Xcode.app/Contents/Developer/Toolchains/XcodeDefault.xctoolchain/usr/bin/strip -resolve-src-symlinks /Users/nikhilreddy/Documents/Voice2Txt/VoiceInk/VoiceForge/build/SourcePackages/checkouts/KeyboardShortcuts/Sources/KeyboardShortcuts/Localization/ru.lproj/Localizable.strings /Users/nikhilreddy/Documents/Voice2Txt/VoiceInk/VoiceForge/build/Build/Products/Release/KeyboardShortcuts_KeyboardShortcuts.bundle/Contents/Resources/ru.lproj

CpResource /Users/nikhilreddy/Documents/Voice2Txt/VoiceInk/VoiceForge/build/Build/Products/Release/KeyboardShortcuts_KeyboardShortcuts.bundle/Contents/Resources/pt-BR.lproj/Localizable.strings /Users/nikhilreddy/Documents/Voice2Txt/VoiceInk/VoiceForge/build/SourcePackages/checkouts/KeyboardShortcuts/Sources/KeyboardShortcuts/Localization/pt-BR.lproj/Localizable.strings (in target 'KeyboardShortcuts_KeyboardShortcuts' from project 'KeyboardShortcuts')
    cd /Users/nikhilreddy/Documents/Voice2Txt/VoiceInk/VoiceForge/build/SourcePackages/checkouts/KeyboardShortcuts
    builtin-copy -exclude .DS_Store -exclude CVS -exclude .svn -exclude .git -exclude .hg -strip-unsigned-binaries -strip-deterministic -strip-tool /Applications/Xcode.app/Contents/Developer/Toolchains/XcodeDefault.xctoolchain/usr/bin/strip -resolve-src-symlinks /Users/nikhilreddy/Documents/Voice2Txt/VoiceInk/VoiceForge/build/SourcePackages/checkouts/KeyboardShortcuts/Sources/KeyboardShortcuts/Localization/pt-BR.lproj/Localizable.strings /Users/nikhilreddy/Documents/Voice2Txt/VoiceInk/VoiceForge/build/Build/Products/Release/KeyboardShortcuts_KeyboardShortcuts.bundle/Contents/Resources/pt-BR.lproj

CpResource /Users/nikhilreddy/Documents/Voice2Txt/VoiceInk/VoiceForge/build/Build/Products/Release/KeyboardShortcuts_KeyboardShortcuts.bundle/Contents/Resources/ko.lproj/Localizable.strings /Users/nikhilreddy/Documents/Voice2Txt/VoiceInk/VoiceForge/build/SourcePackages/checkouts/KeyboardShortcuts/Sources/KeyboardShortcuts/Localization/ko.lproj/Localizable.strings (in target 'KeyboardShortcuts_KeyboardShortcuts' from project 'KeyboardShortcuts')
    cd /Users/nikhilreddy/Documents/Voice2Txt/VoiceInk/VoiceForge/build/SourcePackages/checkouts/KeyboardShortcuts
    builtin-copy -exclude .DS_Store -exclude CVS -exclude .svn -exclude .git -exclude .hg -strip-unsigned-binaries -strip-deterministic -strip-tool /Applications/Xcode.app/Contents/Developer/Toolchains/XcodeDefault.xctoolchain/usr/bin/strip -resolve-src-symlinks /Users/nikhilreddy/Documents/Voice2Txt/VoiceInk/VoiceForge/build/SourcePackages/checkouts/KeyboardShortcuts/Sources/KeyboardShortcuts/Localization/ko.lproj/Localizable.strings /Users/nikhilreddy/Documents/Voice2Txt/VoiceInk/VoiceForge/build/Build/Products/Release/KeyboardShortcuts_KeyboardShortcuts.bundle/Contents/Resources/ko.lproj

CpResource /Users/nikhilreddy/Documents/Voice2Txt/VoiceInk/VoiceForge/build/Build/Products/Release/KeyboardShortcuts_KeyboardShortcuts.bundle/Contents/Resources/nl.lproj/Localizable.strings /Users/nikhilreddy/Documents/Voice2Txt/VoiceInk/VoiceForge/build/SourcePackages/checkouts/KeyboardShortcuts/Sources/KeyboardShortcuts/Localization/nl.lproj/Localizable.strings (in target 'KeyboardShortcuts_KeyboardShortcuts' from project 'KeyboardShortcuts')
    cd /Users/nikhilreddy/Documents/Voice2Txt/VoiceInk/VoiceForge/build/SourcePackages/checkouts/KeyboardShortcuts
    builtin-copy -exclude .DS_Store -exclude CVS -exclude .svn -exclude .git -exclude .hg -strip-unsigned-binaries -strip-deterministic -strip-tool /Applications/Xcode.app/Contents/Developer/Toolchains/XcodeDefault.xctoolchain/usr/bin/strip -resolve-src-symlinks /Users/nikhilreddy/Documents/Voice2Txt/VoiceInk/VoiceForge/build/SourcePackages/checkouts/KeyboardShortcuts/Sources/KeyboardShortcuts/Localization/nl.lproj/Localizable.strings /Users/nikhilreddy/Documents/Voice2Txt/VoiceInk/VoiceForge/build/Build/Products/Release/KeyboardShortcuts_KeyboardShortcuts.bundle/Contents/Resources/nl.lproj

CpResource /Users/nikhilreddy/Documents/Voice2Txt/VoiceInk/VoiceForge/build/Build/Products/Release/KeyboardShortcuts_KeyboardShortcuts.bundle/Contents/Resources/ja.lproj/Localizable.strings /Users/nikhilreddy/Documents/Voice2Txt/VoiceInk/VoiceForge/build/SourcePackages/checkouts/KeyboardShortcuts/Sources/KeyboardShortcuts/Localization/ja.lproj/Localizable.strings (in target 'KeyboardShortcuts_KeyboardShortcuts' from project 'KeyboardShortcuts')
    cd /Users/nikhilreddy/Documents/Voice2Txt/VoiceInk/VoiceForge/build/SourcePackages/checkouts/KeyboardShortcuts
    builtin-copy -exclude .DS_Store -exclude CVS -exclude .svn -exclude .git -exclude .hg -strip-unsigned-binaries -strip-deterministic -strip-tool /Applications/Xcode.app/Contents/Developer/Toolchains/XcodeDefault.xctoolchain/usr/bin/strip -resolve-src-symlinks /Users/nikhilreddy/Documents/Voice2Txt/VoiceInk/VoiceForge/build/SourcePackages/checkouts/KeyboardShortcuts/Sources/KeyboardShortcuts/Localization/ja.lproj/Localizable.strings /Users/nikhilreddy/Documents/Voice2Txt/VoiceInk/VoiceForge/build/Build/Products/Release/KeyboardShortcuts_KeyboardShortcuts.bundle/Contents/Resources/ja.lproj

CpResource /Users/nikhilreddy/Documents/Voice2Txt/VoiceInk/VoiceForge/build/Build/Products/Release/KeyboardShortcuts_KeyboardShortcuts.bundle/Contents/Resources/hu.lproj/Localizable.strings /Users/nikhilreddy/Documents/Voice2Txt/VoiceInk/VoiceForge/build/SourcePackages/checkouts/KeyboardShortcuts/Sources/KeyboardShortcuts/Localization/hu.lproj/Localizable.strings (in target 'KeyboardShortcuts_KeyboardShortcuts' from project 'KeyboardShortcuts')
    cd /Users/nikhilreddy/Documents/Voice2Txt/VoiceInk/VoiceForge/build/SourcePackages/checkouts/KeyboardShortcuts
    builtin-copy -exclude .DS_Store -exclude CVS -exclude .svn -exclude .git -exclude .hg -strip-unsigned-binaries -strip-deterministic -strip-tool /Applications/Xcode.app/Contents/Developer/Toolchains/XcodeDefault.xctoolchain/usr/bin/strip -resolve-src-symlinks /Users/nikhilreddy/Documents/Voice2Txt/VoiceInk/VoiceForge/build/SourcePackages/checkouts/KeyboardShortcuts/Sources/KeyboardShortcuts/Localization/hu.lproj/Localizable.strings /Users/nikhilreddy/Documents/Voice2Txt/VoiceInk/VoiceForge/build/Build/Products/Release/KeyboardShortcuts_KeyboardShortcuts.bundle/Contents/Resources/hu.lproj

CpResource /Users/nikhilreddy/Documents/Voice2Txt/VoiceInk/VoiceForge/build/Build/Products/Release/KeyboardShortcuts_KeyboardShortcuts.bundle/Contents/Resources/fr.lproj/Localizable.strings /Users/nikhilreddy/Documents/Voice2Txt/VoiceInk/VoiceForge/build/SourcePackages/checkouts/KeyboardShortcuts/Sources/KeyboardShortcuts/Localization/fr.lproj/Localizable.strings (in target 'KeyboardShortcuts_KeyboardShortcuts' from project 'KeyboardShortcuts')
    cd /Users/nikhilreddy/Documents/Voice2Txt/VoiceInk/VoiceForge/build/SourcePackages/checkouts/KeyboardShortcuts
    builtin-copy -exclude .DS_Store -exclude CVS -exclude .svn -exclude .git -exclude .hg -strip-unsigned-binaries -strip-deterministic -strip-tool /Applications/Xcode.app/Contents/Developer/Toolchains/XcodeDefault.xctoolchain/usr/bin/strip -resolve-src-symlinks /Users/nikhilreddy/Documents/Voice2Txt/VoiceInk/VoiceForge/build/SourcePackages/checkouts/KeyboardShortcuts/Sources/KeyboardShortcuts/Localization/fr.lproj/Localizable.strings /Users/nikhilreddy/Documents/Voice2Txt/VoiceInk/VoiceForge/build/Build/Products/Release/KeyboardShortcuts_KeyboardShortcuts.bundle/Contents/Resources/fr.lproj

CpResource /Users/nikhilreddy/Documents/Voice2Txt/VoiceInk/VoiceForge/build/Build/Products/Release/KeyboardShortcuts_KeyboardShortcuts.bundle/Contents/Resources/es.lproj/Localizable.strings /Users/nikhilreddy/Documents/Voice2Txt/VoiceInk/VoiceForge/build/SourcePackages/checkouts/KeyboardShortcuts/Sources/KeyboardShortcuts/Localization/es.lproj/Localizable.strings (in target 'KeyboardShortcuts_KeyboardShortcuts' from project 'KeyboardShortcuts')
    cd /Users/nikhilreddy/Documents/Voice2Txt/VoiceInk/VoiceForge/build/SourcePackages/checkouts/KeyboardShortcuts
    builtin-copy -exclude .DS_Store -exclude CVS -exclude .svn -exclude .git -exclude .hg -strip-unsigned-binaries -strip-deterministic -strip-tool /Applications/Xcode.app/Contents/Developer/Toolchains/XcodeDefault.xctoolchain/usr/bin/strip -resolve-src-symlinks /Users/nikhilreddy/Documents/Voice2Txt/VoiceInk/VoiceForge/build/SourcePackages/checkouts/KeyboardShortcuts/Sources/KeyboardShortcuts/Localization/es.lproj/Localizable.strings /Users/nikhilreddy/Documents/Voice2Txt/VoiceInk/VoiceForge/build/Build/Products/Release/KeyboardShortcuts_KeyboardShortcuts.bundle/Contents/Resources/es.lproj

CpResource /Users/nikhilreddy/Documents/Voice2Txt/VoiceInk/VoiceForge/build/Build/Products/Release/KeyboardShortcuts_KeyboardShortcuts.bundle/Contents/Resources/en.lproj/Localizable.strings /Users/nikhilreddy/Documents/Voice2Txt/VoiceInk/VoiceForge/build/SourcePackages/checkouts/KeyboardShortcuts/Sources/KeyboardShortcuts/Localization/en.lproj/Localizable.strings (in target 'KeyboardShortcuts_KeyboardShortcuts' from project 'KeyboardShortcuts')
    cd /Users/nikhilreddy/Documents/Voice2Txt/VoiceInk/VoiceForge/build/SourcePackages/checkouts/KeyboardShortcuts
    builtin-copy -exclude .DS_Store -exclude CVS -exclude .svn -exclude .git -exclude .hg -strip-unsigned-binaries -strip-deterministic -strip-tool /Applications/Xcode.app/Contents/Developer/Toolchains/XcodeDefault.xctoolchain/usr/bin/strip -resolve-src-symlinks /Users/nikhilreddy/Documents/Voice2Txt/VoiceInk/VoiceForge/build/SourcePackages/checkouts/KeyboardShortcuts/Sources/KeyboardShortcuts/Localization/en.lproj/Localizable.strings /Users/nikhilreddy/Documents/Voice2Txt/VoiceInk/VoiceForge/build/Build/Products/Release/KeyboardShortcuts_KeyboardShortcuts.bundle/Contents/Resources/en.lproj

CpResource /Users/nikhilreddy/Documents/Voice2Txt/VoiceInk/VoiceForge/build/Build/Products/Release/KeyboardShortcuts_KeyboardShortcuts.bundle/Contents/Resources/de.lproj/Localizable.strings /Users/nikhilreddy/Documents/Voice2Txt/VoiceInk/VoiceForge/build/SourcePackages/checkouts/KeyboardShortcuts/Sources/KeyboardShortcuts/Localization/de.lproj/Localizable.strings (in target 'KeyboardShortcuts_KeyboardShortcuts' from project 'KeyboardShortcuts')
    cd /Users/nikhilreddy/Documents/Voice2Txt/VoiceInk/VoiceForge/build/SourcePackages/checkouts/KeyboardShortcuts
    builtin-copy -exclude .DS_Store -exclude CVS -exclude .svn -exclude .git -exclude .hg -strip-unsigned-binaries -strip-deterministic -strip-tool /Applications/Xcode.app/Contents/Developer/Toolchains/XcodeDefault.xctoolchain/usr/bin/strip -resolve-src-symlinks /Users/nikhilreddy/Documents/Voice2Txt/VoiceInk/VoiceForge/build/SourcePackages/checkouts/KeyboardShortcuts/Sources/KeyboardShortcuts/Localization/de.lproj/Localizable.strings /Users/nikhilreddy/Documents/Voice2Txt/VoiceInk/VoiceForge/build/Build/Products/Release/KeyboardShortcuts_KeyboardShortcuts.bundle/Contents/Resources/de.lproj

CpResource /Users/nikhilreddy/Documents/Voice2Txt/VoiceInk/VoiceForge/build/Build/Products/Release/KeyboardShortcuts_KeyboardShortcuts.bundle/Contents/Resources/cs.lproj/Localizable.strings /Users/nikhilreddy/Documents/Voice2Txt/VoiceInk/VoiceForge/build/SourcePackages/checkouts/KeyboardShortcuts/Sources/KeyboardShortcuts/Localization/cs.lproj/Localizable.strings (in target 'KeyboardShortcuts_KeyboardShortcuts' from project 'KeyboardShortcuts')
    cd /Users/nikhilreddy/Documents/Voice2Txt/VoiceInk/VoiceForge/build/SourcePackages/checkouts/KeyboardShortcuts
    builtin-copy -exclude .DS_Store -exclude CVS -exclude .svn -exclude .git -exclude .hg -strip-unsigned-binaries -strip-deterministic -strip-tool /Applications/Xcode.app/Contents/Developer/Toolchains/XcodeDefault.xctoolchain/usr/bin/strip -resolve-src-symlinks /Users/nikhilreddy/Documents/Voice2Txt/VoiceInk/VoiceForge/build/SourcePackages/checkouts/KeyboardShortcuts/Sources/KeyboardShortcuts/Localization/cs.lproj/Localizable.strings /Users/nikhilreddy/Documents/Voice2Txt/VoiceInk/VoiceForge/build/Build/Products/Release/KeyboardShortcuts_KeyboardShortcuts.bundle/Contents/Resources/cs.lproj

CpResource /Users/nikhilreddy/Documents/Voice2Txt/VoiceInk/VoiceForge/build/Build/Products/Release/KeyboardShortcuts_KeyboardShortcuts.bundle/Contents/Resources/ar.lproj/Localizable.strings /Users/nikhilreddy/Documents/Voice2Txt/VoiceInk/VoiceForge/build/SourcePackages/checkouts/KeyboardShortcuts/Sources/KeyboardShortcuts/Localization/ar.lproj/Localizable.strings (in target 'KeyboardShortcuts_KeyboardShortcuts' from project 'KeyboardShortcuts')
    cd /Users/nikhilreddy/Documents/Voice2Txt/VoiceInk/VoiceForge/build/SourcePackages/checkouts/KeyboardShortcuts
    builtin-copy -exclude .DS_Store -exclude CVS -exclude .svn -exclude .git -exclude .hg -strip-unsigned-binaries -strip-deterministic -strip-tool /Applications/Xcode.app/Contents/Developer/Toolchains/XcodeDefault.xctoolchain/usr/bin/strip -resolve-src-symlinks /Users/nikhilreddy/Documents/Voice2Txt/VoiceInk/VoiceForge/build/SourcePackages/checkouts/KeyboardShortcuts/Sources/KeyboardShortcuts/Localization/ar.lproj/Localizable.strings /Users/nikhilreddy/Documents/Voice2Txt/VoiceInk/VoiceForge/build/Build/Products/Release/KeyboardShortcuts_KeyboardShortcuts.bundle/Contents/Resources/ar.lproj

ProcessXCFramework /Users/nikhilreddy/Documents/Voice2Txt/VoiceInk/VoiceForge/build/SourcePackages/artifacts/sparkle/Sparkle/Sparkle.xcframework /Users/nikhilreddy/Documents/Voice2Txt/VoiceInk/VoiceForge/build/Build/Products/Release/Sparkle.framework macos
    cd /Users/nikhilreddy/Documents/Voice2Txt/VoiceInk/VoiceForge/VoiceForge.xcodeproj
    builtin-process-xcframework --xcframework /Users/nikhilreddy/Documents/Voice2Txt/VoiceInk/VoiceForge/build/SourcePackages/artifacts/sparkle/Sparkle/Sparkle.xcframework --platform macos --target-path /Users/nikhilreddy/Documents/Voice2Txt/VoiceInk/VoiceForge/build/Build/Products/Release

RegisterExecutionPolicyException /Users/nikhilreddy/Documents/Voice2Txt/VoiceInk/VoiceForge/build/Build/Products/Release/KeyboardShortcuts_KeyboardShortcuts.bundle (in target 'KeyboardShortcuts_KeyboardShortcuts' from project 'KeyboardShortcuts')
    cd /Users/nikhilreddy/Documents/Voice2Txt/VoiceInk/VoiceForge/build/SourcePackages/checkouts/KeyboardShortcuts
    builtin-RegisterExecutionPolicyException /Users/nikhilreddy/Documents/Voice2Txt/VoiceInk/VoiceForge/build/Build/Products/Release/KeyboardShortcuts_KeyboardShortcuts.bundle

Touch /Users/nikhilreddy/Documents/Voice2Txt/VoiceInk/VoiceForge/build/Build/Products/Release/KeyboardShortcuts_KeyboardShortcuts.bundle (in target 'KeyboardShortcuts_KeyboardShortcuts' from project 'KeyboardShortcuts')
    cd /Users/nikhilreddy/Documents/Voice2Txt/VoiceInk/VoiceForge/build/SourcePackages/checkouts/KeyboardShortcuts
    /usr/bin/touch -c /Users/nikhilreddy/Documents/Voice2Txt/VoiceInk/VoiceForge/build/Build/Products/Release/KeyboardShortcuts_KeyboardShortcuts.bundle

WriteAuxiliaryFile /Users/nikhilreddy/Documents/Voice2Txt/VoiceInk/VoiceForge/build/Build/Intermediates.noindex/VoiceForge.build/Release/VoiceForge.build/VoiceForge-project-headers.hmap (in target 'VoiceForge' from project 'VoiceForge')
    cd /Users/nikhilreddy/Documents/Voice2Txt/VoiceInk/VoiceForge
    write-file /Users/nikhilreddy/Documents/Voice2Txt/VoiceInk/VoiceForge/build/Build/Intermediates.noindex/VoiceForge.build/Release/VoiceForge.build/VoiceForge-project-headers.hmap

WriteAuxiliaryFile /Users/nikhilreddy/Documents/Voice2Txt/VoiceInk/VoiceForge/build/Build/Intermediates.noindex/VoiceForge.build/Release/VoiceForge.build/VoiceForge-own-target-headers.hmap (in target 'VoiceForge' from project 'VoiceForge')
    cd /Users/nikhilreddy/Documents/Voice2Txt/VoiceInk/VoiceForge
    write-file /Users/nikhilreddy/Documents/Voice2Txt/VoiceInk/VoiceForge/build/Build/Intermediates.noindex/VoiceForge.build/Release/VoiceForge.build/VoiceForge-own-target-headers.hmap

WriteAuxiliaryFile /Users/nikhilreddy/Documents/Voice2Txt/VoiceInk/VoiceForge/build/Build/Intermediates.noindex/VoiceForge.build/Release/VoiceForge.build/VoiceForge-all-target-headers.hmap (in target 'VoiceForge' from project 'VoiceForge')
    cd /Users/nikhilreddy/Documents/Voice2Txt/VoiceInk/VoiceForge
    write-file /Users/nikhilreddy/Documents/Voice2Txt/VoiceInk/VoiceForge/build/Build/Intermediates.noindex/VoiceForge.build/Release/VoiceForge.build/VoiceForge-all-target-headers.hmap

WriteAuxiliaryFile /Users/nikhilreddy/Documents/Voice2Txt/VoiceInk/VoiceForge/build/Build/Intermediates.noindex/VoiceForge.build/Release/VoiceForge.build/VoiceForge-all-non-framework-target-headers.hmap (in target 'VoiceForge' from project 'VoiceForge')
    cd /Users/nikhilreddy/Documents/Voice2Txt/VoiceInk/VoiceForge
    write-file /Users/nikhilreddy/Documents/Voice2Txt/VoiceInk/VoiceForge/build/Build/Intermediates.noindex/VoiceForge.build/Release/VoiceForge.build/VoiceForge-all-non-framework-target-headers.hmap

WriteAuxiliaryFile /Users/nikhilreddy/Documents/Voice2Txt/VoiceInk/VoiceForge/build/Build/Intermediates.noindex/VoiceForge.build/Release/VoiceForge.build/VoiceForge.hmap (in target 'VoiceForge' from project 'VoiceForge')
    cd /Users/nikhilreddy/Documents/Voice2Txt/VoiceInk/VoiceForge
    write-file /Users/nikhilreddy/Documents/Voice2Txt/VoiceInk/VoiceForge/build/Build/Intermediates.noindex/VoiceForge.build/Release/VoiceForge.build/VoiceForge.hmap

WriteAuxiliaryFile /Users/nikhilreddy/Documents/Voice2Txt/VoiceInk/VoiceForge/build/Build/Intermediates.noindex/VoiceForge.build/Release/VoiceForge.build/VoiceForge-generated-files.hmap (in target 'VoiceForge' from project 'VoiceForge')
    cd /Users/nikhilreddy/Documents/Voice2Txt/VoiceInk/VoiceForge
    write-file /Users/nikhilreddy/Documents/Voice2Txt/VoiceInk/VoiceForge/build/Build/Intermediates.noindex/VoiceForge.build/Release/VoiceForge.build/VoiceForge-generated-files.hmap

WriteAuxiliaryFile /Users/nikhilreddy/Documents/Voice2Txt/VoiceInk/VoiceForge/build/Build/Intermediates.noindex/VoiceForge.build/Release/VoiceForge.build/Objects-normal/x86_64/VoiceForge_const_extract_protocols.json (in target 'VoiceForge' from project 'VoiceForge')
    cd /Users/nikhilreddy/Documents/Voice2Txt/VoiceInk/VoiceForge
    write-file /Users/nikhilreddy/Documents/Voice2Txt/VoiceInk/VoiceForge/build/Build/Intermediates.noindex/VoiceForge.build/Release/VoiceForge.build/Objects-normal/x86_64/VoiceForge_const_extract_protocols.json

WriteAuxiliaryFile /Users/nikhilreddy/Documents/Voice2Txt/VoiceInk/VoiceForge/build/Build/Intermediates.noindex/VoiceForge.build/Release/VoiceForge.build/VoiceForge.DependencyMetadataFileList (in target 'VoiceForge' from project 'VoiceForge')
    cd /Users/nikhilreddy/Documents/Voice2Txt/VoiceInk/VoiceForge
    write-file /Users/nikhilreddy/Documents/Voice2Txt/VoiceInk/VoiceForge/build/Build/Intermediates.noindex/VoiceForge.build/Release/VoiceForge.build/VoiceForge.DependencyMetadataFileList

WriteAuxiliaryFile /Users/nikhilreddy/Documents/Voice2Txt/VoiceInk/VoiceForge/build/Build/Intermediates.noindex/VoiceForge.build/Release/VoiceForge.build/Objects-normal/x86_64/VoiceForge.SwiftFileList (in target 'VoiceForge' from project 'VoiceForge')
    cd /Users/nikhilreddy/Documents/Voice2Txt/VoiceInk/VoiceForge
    write-file /Users/nikhilreddy/Documents/Voice2Txt/VoiceInk/VoiceForge/build/Build/Intermediates.noindex/VoiceForge.build/Release/VoiceForge.build/Objects-normal/x86_64/VoiceForge.SwiftFileList

WriteAuxiliaryFile /Users/nikhilreddy/Documents/Voice2Txt/VoiceInk/VoiceForge/build/Build/Intermediates.noindex/VoiceForge.build/Release/VoiceForge.build/Objects-normal/x86_64/VoiceForge.SwiftConstValuesFileList (in target 'VoiceForge' from project 'VoiceForge')
    cd /Users/nikhilreddy/Documents/Voice2Txt/VoiceInk/VoiceForge
    write-file /Users/nikhilreddy/Documents/Voice2Txt/VoiceInk/VoiceForge/build/Build/Intermediates.noindex/VoiceForge.build/Release/VoiceForge.build/Objects-normal/x86_64/VoiceForge.SwiftConstValuesFileList

WriteAuxiliaryFile /Users/nikhilreddy/Documents/Voice2Txt/VoiceInk/VoiceForge/build/Build/Intermediates.noindex/VoiceForge.build/Release/VoiceForge.build/Objects-normal/x86_64/VoiceForge.LinkFileList (in target 'VoiceForge' from project 'VoiceForge')
    cd /Users/nikhilreddy/Documents/Voice2Txt/VoiceInk/VoiceForge
    write-file /Users/nikhilreddy/Documents/Voice2Txt/VoiceInk/VoiceForge/build/Build/Intermediates.noindex/VoiceForge.build/Release/VoiceForge.build/Objects-normal/x86_64/VoiceForge.LinkFileList

WriteAuxiliaryFile /Users/nikhilreddy/Documents/Voice2Txt/VoiceInk/VoiceForge/build/Build/Intermediates.noindex/VoiceForge.build/Release/VoiceForge.build/Objects-normal/x86_64/VoiceForge-OutputFileMap.json (in target 'VoiceForge' from project 'VoiceForge')
    cd /Users/nikhilreddy/Documents/Voice2Txt/VoiceInk/VoiceForge
    write-file /Users/nikhilreddy/Documents/Voice2Txt/VoiceInk/VoiceForge/build/Build/Intermediates.noindex/VoiceForge.build/Release/VoiceForge.build/Objects-normal/x86_64/VoiceForge-OutputFileMap.json

WriteAuxiliaryFile /Users/nikhilreddy/Documents/Voice2Txt/VoiceInk/VoiceForge/build/Build/Intermediates.noindex/VoiceForge.build/Release/VoiceForge.build/Objects-normal/arm64/VoiceForge_const_extract_protocols.json (in target 'VoiceForge' from project 'VoiceForge')
    cd /Users/nikhilreddy/Documents/Voice2Txt/VoiceInk/VoiceForge
    write-file /Users/nikhilreddy/Documents/Voice2Txt/VoiceInk/VoiceForge/build/Build/Intermediates.noindex/VoiceForge.build/Release/VoiceForge.build/Objects-normal/arm64/VoiceForge_const_extract_protocols.json

WriteAuxiliaryFile /Users/nikhilreddy/Documents/Voice2Txt/VoiceInk/VoiceForge/build/Build/Intermediates.noindex/VoiceForge.build/Release/VoiceForge.build/Objects-normal/arm64/VoiceForge.SwiftFileList (in target 'VoiceForge' from project 'VoiceForge')
    cd /Users/nikhilreddy/Documents/Voice2Txt/VoiceInk/VoiceForge
    write-file /Users/nikhilreddy/Documents/Voice2Txt/VoiceInk/VoiceForge/build/Build/Intermediates.noindex/VoiceForge.build/Release/VoiceForge.build/Objects-normal/arm64/VoiceForge.SwiftFileList

WriteAuxiliaryFile /Users/nikhilreddy/Documents/Voice2Txt/VoiceInk/VoiceForge/build/Build/Intermediates.noindex/VoiceForge.build/Release/VoiceForge.build/Objects-normal/arm64/VoiceForge.SwiftConstValuesFileList (in target 'VoiceForge' from project 'VoiceForge')
    cd /Users/nikhilreddy/Documents/Voice2Txt/VoiceInk/VoiceForge
    write-file /Users/nikhilreddy/Documents/Voice2Txt/VoiceInk/VoiceForge/build/Build/Intermediates.noindex/VoiceForge.build/Release/VoiceForge.build/Objects-normal/arm64/VoiceForge.SwiftConstValuesFileList

WriteAuxiliaryFile /Users/nikhilreddy/Documents/Voice2Txt/VoiceInk/VoiceForge/build/Build/Intermediates.noindex/VoiceForge.build/Release/VoiceForge.build/Objects-normal/arm64/VoiceForge.LinkFileList (in target 'VoiceForge' from project 'VoiceForge')
    cd /Users/nikhilreddy/Documents/Voice2Txt/VoiceInk/VoiceForge
    write-file /Users/nikhilreddy/Documents/Voice2Txt/VoiceInk/VoiceForge/build/Build/Intermediates.noindex/VoiceForge.build/Release/VoiceForge.build/Objects-normal/arm64/VoiceForge.LinkFileList

WriteAuxiliaryFile /Users/nikhilreddy/Documents/Voice2Txt/VoiceInk/VoiceForge/build/Build/Intermediates.noindex/VoiceForge.build/Release/VoiceForge.build/Objects-normal/arm64/VoiceForge-OutputFileMap.json (in target 'VoiceForge' from project 'VoiceForge')
    cd /Users/nikhilreddy/Documents/Voice2Txt/VoiceInk/VoiceForge
    write-file /Users/nikhilreddy/Documents/Voice2Txt/VoiceInk/VoiceForge/build/Build/Intermediates.noindex/VoiceForge.build/Release/VoiceForge.build/Objects-normal/arm64/VoiceForge-OutputFileMap.json

MkDir /Users/nikhilreddy/Documents/Voice2Txt/VoiceInk/VoiceForge/build/Build/Products/Release/VoiceForge.app/Contents/Resources (in target 'VoiceForge' from project 'VoiceForge')
    cd /Users/nikhilreddy/Documents/Voice2Txt/VoiceInk/VoiceForge
    /bin/mkdir -p /Users/nikhilreddy/Documents/Voice2Txt/VoiceInk/VoiceForge/build/Build/Products/Release/VoiceForge.app/Contents/Resources

MkDir /Users/nikhilreddy/Documents/Voice2Txt/VoiceInk/VoiceForge/build/Build/Products/Release/VoiceForge.app/Contents/MacOS (in target 'VoiceForge' from project 'VoiceForge')
    cd /Users/nikhilreddy/Documents/Voice2Txt/VoiceInk/VoiceForge
    /bin/mkdir -p /Users/nikhilreddy/Documents/Voice2Txt/VoiceInk/VoiceForge/build/Build/Products/Release/VoiceForge.app/Contents/MacOS

MkDir /Users/nikhilreddy/Documents/Voice2Txt/VoiceInk/VoiceForge/build/Build/Products/Release/VoiceForge.app/Contents/Frameworks (in target 'VoiceForge' from project 'VoiceForge')
    cd /Users/nikhilreddy/Documents/Voice2Txt/VoiceInk/VoiceForge
    /bin/mkdir -p /Users/nikhilreddy/Documents/Voice2Txt/VoiceInk/VoiceForge/build/Build/Products/Release/VoiceForge.app/Contents/Frameworks

MkDir /Users/nikhilreddy/Documents/Voice2Txt/VoiceInk/VoiceForge/build/Build/Products/Release/VoiceForge.app/Contents (in target 'VoiceForge' from project 'VoiceForge')
    cd /Users/nikhilreddy/Documents/Voice2Txt/VoiceInk/VoiceForge
    /bin/mkdir -p /Users/nikhilreddy/Documents/Voice2Txt/VoiceInk/VoiceForge/build/Build/Products/Release/VoiceForge.app/Contents

MkDir /Users/nikhilreddy/Documents/Voice2Txt/VoiceInk/VoiceForge/build/Build/Products/Release/VoiceForge.app (in target 'VoiceForge' from project 'VoiceForge')
    cd /Users/nikhilreddy/Documents/Voice2Txt/VoiceInk/VoiceForge
    /bin/mkdir -p /Users/nikhilreddy/Documents/Voice2Txt/VoiceInk/VoiceForge/build/Build/Products/Release/VoiceForge.app

SwiftDriver KeyboardShortcuts normal arm64 com.apple.xcode.tools.swift.compiler (in target 'KeyboardShortcuts' from project 'KeyboardShortcuts')
    cd /Users/nikhilreddy/Documents/Voice2Txt/VoiceInk/VoiceForge/VoiceForge.xcodeproj
    builtin-SwiftDriver -- /Applications/Xcode.app/Contents/Developer/Toolchains/XcodeDefault.xctoolchain/usr/bin/swiftc -module-name KeyboardShortcuts -O -whole-module-optimization -enforce-exclusivity\=checked @/Users/nikhilreddy/Documents/Voice2Txt/VoiceInk/VoiceForge/build/Build/Intermediates.noindex/KeyboardShortcuts.build/Release/KeyboardShortcuts.build/Objects-normal/arm64/KeyboardShortcuts.SwiftFileList -DSWIFT_PACKAGE -DXcode -plugin-path /Applications/Xcode.app/Contents/Developer/Toolchains/XcodeDefault.xctoolchain/usr/lib/swift/host/plugins/testing -enable-experimental-feature DebugDescriptionMacro -sdk /Applications/Xcode.app/Contents/Developer/Platforms/MacOSX.platform/Developer/SDKs/MacOSX15.2.sdk -target arm64-apple-macos10.15 -g -module-cache-path /Users/nikhilreddy/Documents/Voice2Txt/VoiceInk/VoiceForge/build/ModuleCache.noindex -Xfrontend -serialize-debugging-options -profile-coverage-mapping -profile-generate -suppress-warnings -swift-version 5 -I /Users/nikhilreddy/Documents/Voice2Txt/VoiceInk/VoiceForge/build/Build/Products/Release -I /Applications/Xcode.app/Contents/Developer/Platforms/MacOSX.platform/Developer/usr/lib -F /Users/nikhilreddy/Documents/Voice2Txt/VoiceInk/VoiceForge/build/Build/Products/Release -F /Applications/Xcode.app/Contents/Developer/Platforms/MacOSX.platform/Developer/Library/Frameworks -emit-localized-strings -emit-localized-strings-path /Users/nikhilreddy/Documents/Voice2Txt/VoiceInk/VoiceForge/build/Build/Intermediates.noindex/KeyboardShortcuts.build/Release/KeyboardShortcuts.build/Objects-normal/arm64 -c -num-threads 8 -Xcc -ivfsstatcache -Xcc /Users/nikhilreddy/Documents/Voice2Txt/VoiceInk/VoiceForge/build/SDKStatCaches.noindex/macosx15.2-24C94-1dd28740b163f220e3e9b9fd2a542f53.sdkstatcache -output-file-map /Users/nikhilreddy/Documents/Voice2Txt/VoiceInk/VoiceForge/build/Build/Intermediates.noindex/KeyboardShortcuts.build/Release/KeyboardShortcuts.build/Objects-normal/arm64/KeyboardShortcuts-OutputFileMap.json -use-frontend-parseable-output -save-temps -no-color-diagnostics -serialize-diagnostics -emit-dependencies -emit-module -emit-module-path /Users/nikhilreddy/Documents/Voice2Txt/VoiceInk/VoiceForge/build/Build/Intermediates.noindex/KeyboardShortcuts.build/Release/KeyboardShortcuts.build/Objects-normal/arm64/KeyboardShortcuts.swiftmodule -validate-clang-modules-once -clang-build-session-file /Users/nikhilreddy/Documents/Voice2Txt/VoiceInk/VoiceForge/build/ModuleCache.noindex/Session.modulevalidation -package-name keyboardshortcuts -Xcc -I/Users/nikhilreddy/Documents/Voice2Txt/VoiceInk/VoiceForge/build/Build/Intermediates.noindex/KeyboardShortcuts.build/Release/KeyboardShortcuts.build/swift-overrides.hmap -emit-const-values -Xfrontend -const-gather-protocols-file -Xfrontend /Users/nikhilreddy/Documents/Voice2Txt/VoiceInk/VoiceForge/build/Build/Intermediates.noindex/KeyboardShortcuts.build/Release/KeyboardShortcuts.build/Objects-normal/arm64/KeyboardShortcuts_const_extract_protocols.json -Xcc -I/Users/nikhilreddy/Documents/Voice2Txt/VoiceInk/VoiceForge/build/Build/Products/Release/include -Xcc -I/Users/nikhilreddy/Documents/Voice2Txt/VoiceInk/VoiceForge/build/Build/Intermediates.noindex/KeyboardShortcuts.build/Release/KeyboardShortcuts.build/DerivedSources-normal/arm64 -Xcc -I/Users/nikhilreddy/Documents/Voice2Txt/VoiceInk/VoiceForge/build/Build/Intermediates.noindex/KeyboardShortcuts.build/Release/KeyboardShortcuts.build/DerivedSources/arm64 -Xcc -I/Users/nikhilreddy/Documents/Voice2Txt/VoiceInk/VoiceForge/build/Build/Intermediates.noindex/KeyboardShortcuts.build/Release/KeyboardShortcuts.build/DerivedSources -Xcc -DSWIFT_PACKAGE -emit-objc-header -emit-objc-header-path /Users/nikhilreddy/Documents/Voice2Txt/VoiceInk/VoiceForge/build/Build/Intermediates.noindex/KeyboardShortcuts.build/Release/KeyboardShortcuts.build/Objects-normal/arm64/KeyboardShortcuts-Swift.h -working-directory /Users/nikhilreddy/Documents/Voice2Txt/VoiceInk/VoiceForge/VoiceForge.xcodeproj -no-emit-module-separately-wmo

SwiftDriver KeyboardShortcuts normal x86_64 com.apple.xcode.tools.swift.compiler (in target 'KeyboardShortcuts' from project 'KeyboardShortcuts')
    cd /Users/nikhilreddy/Documents/Voice2Txt/VoiceInk/VoiceForge/VoiceForge.xcodeproj
    builtin-SwiftDriver -- /Applications/Xcode.app/Contents/Developer/Toolchains/XcodeDefault.xctoolchain/usr/bin/swiftc -module-name KeyboardShortcuts -O -whole-module-optimization -enforce-exclusivity\=checked @/Users/nikhilreddy/Documents/Voice2Txt/VoiceInk/VoiceForge/build/Build/Intermediates.noindex/KeyboardShortcuts.build/Release/KeyboardShortcuts.build/Objects-normal/x86_64/KeyboardShortcuts.SwiftFileList -DSWIFT_PACKAGE -DXcode -plugin-path /Applications/Xcode.app/Contents/Developer/Toolchains/XcodeDefault.xctoolchain/usr/lib/swift/host/plugins/testing -enable-experimental-feature DebugDescriptionMacro -sdk /Applications/Xcode.app/Contents/Developer/Platforms/MacOSX.platform/Developer/SDKs/MacOSX15.2.sdk -target x86_64-apple-macos10.15 -g -module-cache-path /Users/nikhilreddy/Documents/Voice2Txt/VoiceInk/VoiceForge/build/ModuleCache.noindex -Xfrontend -serialize-debugging-options -profile-coverage-mapping -profile-generate -suppress-warnings -swift-version 5 -I /Users/nikhilreddy/Documents/Voice2Txt/VoiceInk/VoiceForge/build/Build/Products/Release -I /Applications/Xcode.app/Contents/Developer/Platforms/MacOSX.platform/Developer/usr/lib -F /Users/nikhilreddy/Documents/Voice2Txt/VoiceInk/VoiceForge/build/Build/Products/Release -F /Applications/Xcode.app/Contents/Developer/Platforms/MacOSX.platform/Developer/Library/Frameworks -emit-localized-strings -emit-localized-strings-path /Users/nikhilreddy/Documents/Voice2Txt/VoiceInk/VoiceForge/build/Build/Intermediates.noindex/KeyboardShortcuts.build/Release/KeyboardShortcuts.build/Objects-normal/x86_64 -c -num-threads 8 -Xcc -ivfsstatcache -Xcc /Users/nikhilreddy/Documents/Voice2Txt/VoiceInk/VoiceForge/build/SDKStatCaches.noindex/macosx15.2-24C94-1dd28740b163f220e3e9b9fd2a542f53.sdkstatcache -output-file-map /Users/nikhilreddy/Documents/Voice2Txt/VoiceInk/VoiceForge/build/Build/Intermediates.noindex/KeyboardShortcuts.build/Release/KeyboardShortcuts.build/Objects-normal/x86_64/KeyboardShortcuts-OutputFileMap.json -use-frontend-parseable-output -save-temps -no-color-diagnostics -serialize-diagnostics -emit-dependencies -emit-module -emit-module-path /Users/nikhilreddy/Documents/Voice2Txt/VoiceInk/VoiceForge/build/Build/Intermediates.noindex/KeyboardShortcuts.build/Release/KeyboardShortcuts.build/Objects-normal/x86_64/KeyboardShortcuts.swiftmodule -validate-clang-modules-once -clang-build-session-file /Users/nikhilreddy/Documents/Voice2Txt/VoiceInk/VoiceForge/build/ModuleCache.noindex/Session.modulevalidation -package-name keyboardshortcuts -Xcc -I/Users/nikhilreddy/Documents/Voice2Txt/VoiceInk/VoiceForge/build/Build/Intermediates.noindex/KeyboardShortcuts.build/Release/KeyboardShortcuts.build/swift-overrides.hmap -emit-const-values -Xfrontend -const-gather-protocols-file -Xfrontend /Users/nikhilreddy/Documents/Voice2Txt/VoiceInk/VoiceForge/build/Build/Intermediates.noindex/KeyboardShortcuts.build/Release/KeyboardShortcuts.build/Objects-normal/x86_64/KeyboardShortcuts_const_extract_protocols.json -Xcc -I/Users/nikhilreddy/Documents/Voice2Txt/VoiceInk/VoiceForge/build/Build/Products/Release/include -Xcc -I/Users/nikhilreddy/Documents/Voice2Txt/VoiceInk/VoiceForge/build/Build/Intermediates.noindex/KeyboardShortcuts.build/Release/KeyboardShortcuts.build/DerivedSources-normal/x86_64 -Xcc -I/Users/nikhilreddy/Documents/Voice2Txt/VoiceInk/VoiceForge/build/Build/Intermediates.noindex/KeyboardShortcuts.build/Release/KeyboardShortcuts.build/DerivedSources/x86_64 -Xcc -I/Users/nikhilreddy/Documents/Voice2Txt/VoiceInk/VoiceForge/build/Build/Intermediates.noindex/KeyboardShortcuts.build/Release/KeyboardShortcuts.build/DerivedSources -Xcc -DSWIFT_PACKAGE -emit-objc-header -emit-objc-header-path /Users/nikhilreddy/Documents/Voice2Txt/VoiceInk/VoiceForge/build/Build/Intermediates.noindex/KeyboardShortcuts.build/Release/KeyboardShortcuts.build/Objects-normal/x86_64/KeyboardShortcuts-Swift.h -working-directory /Users/nikhilreddy/Documents/Voice2Txt/VoiceInk/VoiceForge/VoiceForge.xcodeproj -no-emit-module-separately-wmo

SwiftDriver\ Compilation KeyboardShortcuts normal x86_64 com.apple.xcode.tools.swift.compiler (in target 'KeyboardShortcuts' from project 'KeyboardShortcuts')
    cd /Users/nikhilreddy/Documents/Voice2Txt/VoiceInk/VoiceForge/VoiceForge.xcodeproj
    builtin-Swift-Compilation -- /Applications/Xcode.app/Contents/Developer/Toolchains/XcodeDefault.xctoolchain/usr/bin/swiftc -module-name KeyboardShortcuts -O -whole-module-optimization -enforce-exclusivity\=checked @/Users/nikhilreddy/Documents/Voice2Txt/VoiceInk/VoiceForge/build/Build/Intermediates.noindex/KeyboardShortcuts.build/Release/KeyboardShortcuts.build/Objects-normal/x86_64/KeyboardShortcuts.SwiftFileList -DSWIFT_PACKAGE -DXcode -plugin-path /Applications/Xcode.app/Contents/Developer/Toolchains/XcodeDefault.xctoolchain/usr/lib/swift/host/plugins/testing -enable-experimental-feature DebugDescriptionMacro -sdk /Applications/Xcode.app/Contents/Developer/Platforms/MacOSX.platform/Developer/SDKs/MacOSX15.2.sdk -target x86_64-apple-macos10.15 -g -module-cache-path /Users/nikhilreddy/Documents/Voice2Txt/VoiceInk/VoiceForge/build/ModuleCache.noindex -Xfrontend -serialize-debugging-options -profile-coverage-mapping -profile-generate -suppress-warnings -swift-version 5 -I /Users/nikhilreddy/Documents/Voice2Txt/VoiceInk/VoiceForge/build/Build/Products/Release -I /Applications/Xcode.app/Contents/Developer/Platforms/MacOSX.platform/Developer/usr/lib -F /Users/nikhilreddy/Documents/Voice2Txt/VoiceInk/VoiceForge/build/Build/Products/Release -F /Applications/Xcode.app/Contents/Developer/Platforms/MacOSX.platform/Developer/Library/Frameworks -emit-localized-strings -emit-localized-strings-path /Users/nikhilreddy/Documents/Voice2Txt/VoiceInk/VoiceForge/build/Build/Intermediates.noindex/KeyboardShortcuts.build/Release/KeyboardShortcuts.build/Objects-normal/x86_64 -c -num-threads 8 -Xcc -ivfsstatcache -Xcc /Users/nikhilreddy/Documents/Voice2Txt/VoiceInk/VoiceForge/build/SDKStatCaches.noindex/macosx15.2-24C94-1dd28740b163f220e3e9b9fd2a542f53.sdkstatcache -output-file-map /Users/nikhilreddy/Documents/Voice2Txt/VoiceInk/VoiceForge/build/Build/Intermediates.noindex/KeyboardShortcuts.build/Release/KeyboardShortcuts.build/Objects-normal/x86_64/KeyboardShortcuts-OutputFileMap.json -use-frontend-parseable-output -save-temps -no-color-diagnostics -serialize-diagnostics -emit-dependencies -emit-module -emit-module-path /Users/nikhilreddy/Documents/Voice2Txt/VoiceInk/VoiceForge/build/Build/Intermediates.noindex/KeyboardShortcuts.build/Release/KeyboardShortcuts.build/Objects-normal/x86_64/KeyboardShortcuts.swiftmodule -validate-clang-modules-once -clang-build-session-file /Users/nikhilreddy/Documents/Voice2Txt/VoiceInk/VoiceForge/build/ModuleCache.noindex/Session.modulevalidation -package-name keyboardshortcuts -Xcc -I/Users/nikhilreddy/Documents/Voice2Txt/VoiceInk/VoiceForge/build/Build/Intermediates.noindex/KeyboardShortcuts.build/Release/KeyboardShortcuts.build/swift-overrides.hmap -emit-const-values -Xfrontend -const-gather-protocols-file -Xfrontend /Users/nikhilreddy/Documents/Voice2Txt/VoiceInk/VoiceForge/build/Build/Intermediates.noindex/KeyboardShortcuts.build/Release/KeyboardShortcuts.build/Objects-normal/x86_64/KeyboardShortcuts_const_extract_protocols.json -Xcc -I/Users/nikhilreddy/Documents/Voice2Txt/VoiceInk/VoiceForge/build/Build/Products/Release/include -Xcc -I/Users/nikhilreddy/Documents/Voice2Txt/VoiceInk/VoiceForge/build/Build/Intermediates.noindex/KeyboardShortcuts.build/Release/KeyboardShortcuts.build/DerivedSources-normal/x86_64 -Xcc -I/Users/nikhilreddy/Documents/Voice2Txt/VoiceInk/VoiceForge/build/Build/Intermediates.noindex/KeyboardShortcuts.build/Release/KeyboardShortcuts.build/DerivedSources/x86_64 -Xcc -I/Users/nikhilreddy/Documents/Voice2Txt/VoiceInk/VoiceForge/build/Build/Intermediates.noindex/KeyboardShortcuts.build/Release/KeyboardShortcuts.build/DerivedSources -Xcc -DSWIFT_PACKAGE -emit-objc-header -emit-objc-header-path /Users/nikhilreddy/Documents/Voice2Txt/VoiceInk/VoiceForge/build/Build/Intermediates.noindex/KeyboardShortcuts.build/Release/KeyboardShortcuts.build/Objects-normal/x86_64/KeyboardShortcuts-Swift.h -working-directory /Users/nikhilreddy/Documents/Voice2Txt/VoiceInk/VoiceForge/VoiceForge.xcodeproj -no-emit-module-separately-wmo

SwiftDriver\ Compilation KeyboardShortcuts normal arm64 com.apple.xcode.tools.swift.compiler (in target 'KeyboardShortcuts' from project 'KeyboardShortcuts')
    cd /Users/nikhilreddy/Documents/Voice2Txt/VoiceInk/VoiceForge/VoiceForge.xcodeproj
    builtin-Swift-Compilation -- /Applications/Xcode.app/Contents/Developer/Toolchains/XcodeDefault.xctoolchain/usr/bin/swiftc -module-name KeyboardShortcuts -O -whole-module-optimization -enforce-exclusivity\=checked @/Users/nikhilreddy/Documents/Voice2Txt/VoiceInk/VoiceForge/build/Build/Intermediates.noindex/KeyboardShortcuts.build/Release/KeyboardShortcuts.build/Objects-normal/arm64/KeyboardShortcuts.SwiftFileList -DSWIFT_PACKAGE -DXcode -plugin-path /Applications/Xcode.app/Contents/Developer/Toolchains/XcodeDefault.xctoolchain/usr/lib/swift/host/plugins/testing -enable-experimental-feature DebugDescriptionMacro -sdk /Applications/Xcode.app/Contents/Developer/Platforms/MacOSX.platform/Developer/SDKs/MacOSX15.2.sdk -target arm64-apple-macos10.15 -g -module-cache-path /Users/nikhilreddy/Documents/Voice2Txt/VoiceInk/VoiceForge/build/ModuleCache.noindex -Xfrontend -serialize-debugging-options -profile-coverage-mapping -profile-generate -suppress-warnings -swift-version 5 -I /Users/nikhilreddy/Documents/Voice2Txt/VoiceInk/VoiceForge/build/Build/Products/Release -I /Applications/Xcode.app/Contents/Developer/Platforms/MacOSX.platform/Developer/usr/lib -F /Users/nikhilreddy/Documents/Voice2Txt/VoiceInk/VoiceForge/build/Build/Products/Release -F /Applications/Xcode.app/Contents/Developer/Platforms/MacOSX.platform/Developer/Library/Frameworks -emit-localized-strings -emit-localized-strings-path /Users/nikhilreddy/Documents/Voice2Txt/VoiceInk/VoiceForge/build/Build/Intermediates.noindex/KeyboardShortcuts.build/Release/KeyboardShortcuts.build/Objects-normal/arm64 -c -num-threads 8 -Xcc -ivfsstatcache -Xcc /Users/nikhilreddy/Documents/Voice2Txt/VoiceInk/VoiceForge/build/SDKStatCaches.noindex/macosx15.2-24C94-1dd28740b163f220e3e9b9fd2a542f53.sdkstatcache -output-file-map /Users/nikhilreddy/Documents/Voice2Txt/VoiceInk/VoiceForge/build/Build/Intermediates.noindex/KeyboardShortcuts.build/Release/KeyboardShortcuts.build/Objects-normal/arm64/KeyboardShortcuts-OutputFileMap.json -use-frontend-parseable-output -save-temps -no-color-diagnostics -serialize-diagnostics -emit-dependencies -emit-module -emit-module-path /Users/nikhilreddy/Documents/Voice2Txt/VoiceInk/VoiceForge/build/Build/Intermediates.noindex/KeyboardShortcuts.build/Release/KeyboardShortcuts.build/Objects-normal/arm64/KeyboardShortcuts.swiftmodule -validate-clang-modules-once -clang-build-session-file /Users/nikhilreddy/Documents/Voice2Txt/VoiceInk/VoiceForge/build/ModuleCache.noindex/Session.modulevalidation -package-name keyboardshortcuts -Xcc -I/Users/nikhilreddy/Documents/Voice2Txt/VoiceInk/VoiceForge/build/Build/Intermediates.noindex/KeyboardShortcuts.build/Release/KeyboardShortcuts.build/swift-overrides.hmap -emit-const-values -Xfrontend -const-gather-protocols-file -Xfrontend /Users/nikhilreddy/Documents/Voice2Txt/VoiceInk/VoiceForge/build/Build/Intermediates.noindex/KeyboardShortcuts.build/Release/KeyboardShortcuts.build/Objects-normal/arm64/KeyboardShortcuts_const_extract_protocols.json -Xcc -I/Users/nikhilreddy/Documents/Voice2Txt/VoiceInk/VoiceForge/build/Build/Products/Release/include -Xcc -I/Users/nikhilreddy/Documents/Voice2Txt/VoiceInk/VoiceForge/build/Build/Intermediates.noindex/KeyboardShortcuts.build/Release/KeyboardShortcuts.build/DerivedSources-normal/arm64 -Xcc -I/Users/nikhilreddy/Documents/Voice2Txt/VoiceInk/VoiceForge/build/Build/Intermediates.noindex/KeyboardShortcuts.build/Release/KeyboardShortcuts.build/DerivedSources/arm64 -Xcc -I/Users/nikhilreddy/Documents/Voice2Txt/VoiceInk/VoiceForge/build/Build/Intermediates.noindex/KeyboardShortcuts.build/Release/KeyboardShortcuts.build/DerivedSources -Xcc -DSWIFT_PACKAGE -emit-objc-header -emit-objc-header-path /Users/nikhilreddy/Documents/Voice2Txt/VoiceInk/VoiceForge/build/Build/Intermediates.noindex/KeyboardShortcuts.build/Release/KeyboardShortcuts.build/Objects-normal/arm64/KeyboardShortcuts-Swift.h -working-directory /Users/nikhilreddy/Documents/Voice2Txt/VoiceInk/VoiceForge/VoiceForge.xcodeproj -no-emit-module-separately-wmo

SwiftCompile normal arm64 Compiling\ resource_bundle_accessor.swift,\ CarbonKeyboardShortcuts.swift,\ Key.swift,\ KeyboardShortcuts.swift,\ NSMenuItem++.swift,\ Name.swift,\ Recorder.swift,\ RecorderCocoa.swift,\ Shortcut.swift,\ Utilities.swift,\ ViewModifiers.swift /Users/nikhilreddy/Documents/Voice2Txt/VoiceInk/VoiceForge/build/Build/Intermediates.noindex/KeyboardShortcuts.build/Release/KeyboardShortcuts.build/DerivedSources/resource_bundle_accessor.swift /Users/nikhilreddy/Documents/Voice2Txt/VoiceInk/VoiceForge/build/SourcePackages/checkouts/KeyboardShortcuts/Sources/KeyboardShortcuts/CarbonKeyboardShortcuts.swift /Users/nikhilreddy/Documents/Voice2Txt/VoiceInk/VoiceForge/build/SourcePackages/checkouts/KeyboardShortcuts/Sources/KeyboardShortcuts/Key.swift /Users/nikhilreddy/Documents/Voice2Txt/VoiceInk/VoiceForge/build/SourcePackages/checkouts/KeyboardShortcuts/Sources/KeyboardShortcuts/KeyboardShortcuts.swift /Users/nikhilreddy/Documents/Voice2Txt/VoiceInk/VoiceForge/build/SourcePackages/checkouts/KeyboardShortcuts/Sources/KeyboardShortcuts/NSMenuItem++.swift /Users/nikhilreddy/Documents/Voice2Txt/VoiceInk/VoiceForge/build/SourcePackages/checkouts/KeyboardShortcuts/Sources/KeyboardShortcuts/Name.swift /Users/nikhilreddy/Documents/Voice2Txt/VoiceInk/VoiceForge/build/SourcePackages/checkouts/KeyboardShortcuts/Sources/KeyboardShortcuts/Recorder.swift /Users/nikhilreddy/Documents/Voice2Txt/VoiceInk/VoiceForge/build/SourcePackages/checkouts/KeyboardShortcuts/Sources/KeyboardShortcuts/RecorderCocoa.swift /Users/nikhilreddy/Documents/Voice2Txt/VoiceInk/VoiceForge/build/SourcePackages/checkouts/KeyboardShortcuts/Sources/KeyboardShortcuts/Shortcut.swift /Users/nikhilreddy/Documents/Voice2Txt/VoiceInk/VoiceForge/build/SourcePackages/checkouts/KeyboardShortcuts/Sources/KeyboardShortcuts/Utilities.swift /Users/nikhilreddy/Documents/Voice2Txt/VoiceInk/VoiceForge/build/SourcePackages/checkouts/KeyboardShortcuts/Sources/KeyboardShortcuts/ViewModifiers.swift (in target 'KeyboardShortcuts' from project 'KeyboardShortcuts')
    cd /Users/nikhilreddy/Documents/Voice2Txt/VoiceInk/VoiceForge/VoiceForge.xcodeproj
    builtin-swiftTaskExecution -- /Applications/Xcode.app/Contents/Developer/Toolchains/XcodeDefault.xctoolchain/usr/bin/swift-frontend -frontend -c /Users/nikhilreddy/Documents/Voice2Txt/VoiceInk/VoiceForge/build/Build/Intermediates.noindex/KeyboardShortcuts.build/Release/KeyboardShortcuts.build/DerivedSources/resource_bundle_accessor.swift /Users/nikhilreddy/Documents/Voice2Txt/VoiceInk/VoiceForge/build/SourcePackages/checkouts/KeyboardShortcuts/Sources/KeyboardShortcuts/CarbonKeyboardShortcuts.swift /Users/nikhilreddy/Documents/Voice2Txt/VoiceInk/VoiceForge/build/SourcePackages/checkouts/KeyboardShortcuts/Sources/KeyboardShortcuts/Key.swift /Users/nikhilreddy/Documents/Voice2Txt/VoiceInk/VoiceForge/build/SourcePackages/checkouts/KeyboardShortcuts/Sources/KeyboardShortcuts/KeyboardShortcuts.swift /Users/nikhilreddy/Documents/Voice2Txt/VoiceInk/VoiceForge/build/SourcePackages/checkouts/KeyboardShortcuts/Sources/KeyboardShortcuts/NSMenuItem++.swift /Users/nikhilreddy/Documents/Voice2Txt/VoiceInk/VoiceForge/build/SourcePackages/checkouts/KeyboardShortcuts/Sources/KeyboardShortcuts/Name.swift /Users/nikhilreddy/Documents/Voice2Txt/VoiceInk/VoiceForge/build/SourcePackages/checkouts/KeyboardShortcuts/Sources/KeyboardShortcuts/Recorder.swift /Users/nikhilreddy/Documents/Voice2Txt/VoiceInk/VoiceForge/build/SourcePackages/checkouts/KeyboardShortcuts/Sources/KeyboardShortcuts/RecorderCocoa.swift /Users/nikhilreddy/Documents/Voice2Txt/VoiceInk/VoiceForge/build/SourcePackages/checkouts/KeyboardShortcuts/Sources/KeyboardShortcuts/Shortcut.swift /Users/nikhilreddy/Documents/Voice2Txt/VoiceInk/VoiceForge/build/SourcePackages/checkouts/KeyboardShortcuts/Sources/KeyboardShortcuts/Utilities.swift /Users/nikhilreddy/Documents/Voice2Txt/VoiceInk/VoiceForge/build/SourcePackages/checkouts/KeyboardShortcuts/Sources/KeyboardShortcuts/ViewModifiers.swift -supplementary-output-file-map /Users/nikhilreddy/Documents/Voice2Txt/VoiceInk/VoiceForge/build/Build/Intermediates.noindex/KeyboardShortcuts.build/Release/KeyboardShortcuts.build/Objects-normal/arm64/supplementaryOutputs-2 -emit-localized-strings -emit-localized-strings-path /Users/nikhilreddy/Documents/Voice2Txt/VoiceInk/VoiceForge/build/Build/Intermediates.noindex/KeyboardShortcuts.build/Release/KeyboardShortcuts.build/Objects-normal/arm64 -target arm64-apple-macos10.15 -Xllvm -aarch64-use-tbi -enable-objc-interop -stack-check -sdk /Applications/Xcode.app/Contents/Developer/Platforms/MacOSX.platform/Developer/SDKs/MacOSX15.2.sdk -I /Users/nikhilreddy/Documents/Voice2Txt/VoiceInk/VoiceForge/build/Build/Products/Release -I /Applications/Xcode.app/Contents/Developer/Platforms/MacOSX.platform/Developer/usr/lib -F /Users/nikhilreddy/Documents/Voice2Txt/VoiceInk/VoiceForge/build/Build/Products/Release -F /Applications/Xcode.app/Contents/Developer/Platforms/MacOSX.platform/Developer/Library/Frameworks -no-color-diagnostics -g -debug-info-format\=dwarf -dwarf-version\=4 -module-cache-path /Users/nikhilreddy/Documents/Voice2Txt/VoiceInk/VoiceForge/build/ModuleCache.noindex -suppress-warnings -profile-generate -profile-coverage-mapping -swift-version 5 -enforce-exclusivity\=checked -O -D SWIFT_PACKAGE -D Xcode -serialize-debugging-options -const-gather-protocols-file /Users/nikhilreddy/Documents/Voice2Txt/VoiceInk/VoiceForge/build/Build/Intermediates.noindex/KeyboardShortcuts.build/Release/KeyboardShortcuts.build/Objects-normal/arm64/KeyboardShortcuts_const_extract_protocols.json -enable-experimental-feature DebugDescriptionMacro -empty-abi-descriptor -plugin-path /Applications/Xcode.app/Contents/Developer/Toolchains/XcodeDefault.xctoolchain/usr/lib/swift/host/plugins/testing -validate-clang-modules-once -clang-build-session-file /Users/nikhilreddy/Documents/Voice2Txt/VoiceInk/VoiceForge/build/ModuleCache.noindex/Session.modulevalidation -Xcc -working-directory -Xcc /Users/nikhilreddy/Documents/Voice2Txt/VoiceInk/VoiceForge/VoiceForge.xcodeproj -resource-dir /Applications/Xcode.app/Contents/Developer/Toolchains/XcodeDefault.xctoolchain/usr/lib/swift -file-compilation-dir /Users/nikhilreddy/Documents/Voice2Txt/VoiceInk/VoiceForge/VoiceForge.xcodeproj -Xcc -ivfsstatcache -Xcc /Users/nikhilreddy/Documents/Voice2Txt/VoiceInk/VoiceForge/build/SDKStatCaches.noindex/macosx15.2-24C94-1dd28740b163f220e3e9b9fd2a542f53.sdkstatcache -Xcc -I/Users/nikhilreddy/Documents/Voice2Txt/VoiceInk/VoiceForge/build/Build/Intermediates.noindex/KeyboardShortcuts.build/Release/KeyboardShortcuts.build/swift-overrides.hmap -Xcc -I/Users/nikhilreddy/Documents/Voice2Txt/VoiceInk/VoiceForge/build/Build/Products/Release/include -Xcc -I/Users/nikhilreddy/Documents/Voice2Txt/VoiceInk/VoiceForge/build/Build/Intermediates.noindex/KeyboardShortcuts.build/Release/KeyboardShortcuts.build/DerivedSources-normal/arm64 -Xcc -I/Users/nikhilreddy/Documents/Voice2Txt/VoiceInk/VoiceForge/build/Build/Intermediates.noindex/KeyboardShortcuts.build/Release/KeyboardShortcuts.build/DerivedSources/arm64 -Xcc -I/Users/nikhilreddy/Documents/Voice2Txt/VoiceInk/VoiceForge/build/Build/Intermediates.noindex/KeyboardShortcuts.build/Release/KeyboardShortcuts.build/DerivedSources -Xcc -DSWIFT_PACKAGE -module-name KeyboardShortcuts -package-name keyboardshortcuts -frontend-parseable-output -disable-clang-spi -target-sdk-version 15.2 -target-sdk-name macosx15.2 -external-plugin-path /Applications/Xcode.app/Contents/Developer/Platforms/MacOSX.platform/Developer/usr/lib/swift/host/plugins\#/Applications/Xcode.app/Contents/Developer/Platforms/MacOSX.platform/Developer/usr/bin/swift-plugin-server -external-plugin-path /Applications/Xcode.app/Contents/Developer/Platforms/MacOSX.platform/Developer/usr/local/lib/swift/host/plugins\#/Applications/Xcode.app/Contents/Developer/Platforms/MacOSX.platform/Developer/usr/bin/swift-plugin-server -plugin-path /Applications/Xcode.app/Contents/Developer/Toolchains/XcodeDefault.xctoolchain/usr/lib/swift/host/plugins -plugin-path /Applications/Xcode.app/Contents/Developer/Toolchains/XcodeDefault.xctoolchain/usr/local/lib/swift/host/plugins -enable-default-cmo -num-threads 8 -o /Users/nikhilreddy/Documents/Voice2Txt/VoiceInk/VoiceForge/build/Build/Intermediates.noindex/KeyboardShortcuts.build/Release/KeyboardShortcuts.build/Objects-normal/arm64/resource_bundle_accessor.o -o /Users/nikhilreddy/Documents/Voice2Txt/VoiceInk/VoiceForge/build/Build/Intermediates.noindex/KeyboardShortcuts.build/Release/KeyboardShortcuts.build/Objects-normal/arm64/CarbonKeyboardShortcuts.o -o /Users/nikhilreddy/Documents/Voice2Txt/VoiceInk/VoiceForge/build/Build/Intermediates.noindex/KeyboardShortcuts.build/Release/KeyboardShortcuts.build/Objects-normal/arm64/Key.o -o /Users/nikhilreddy/Documents/Voice2Txt/VoiceInk/VoiceForge/build/Build/Intermediates.noindex/KeyboardShortcuts.build/Release/KeyboardShortcuts.build/Objects-normal/arm64/KeyboardShortcuts.o -o /Users/nikhilreddy/Documents/Voice2Txt/VoiceInk/VoiceForge/build/Build/Intermediates.noindex/KeyboardShortcuts.build/Release/KeyboardShortcuts.build/Objects-normal/arm64/NSMenuItem++.o -o /Users/nikhilreddy/Documents/Voice2Txt/VoiceInk/VoiceForge/build/Build/Intermediates.noindex/KeyboardShortcuts.build/Release/KeyboardShortcuts.build/Objects-normal/arm64/Name.o -o /Users/nikhilreddy/Documents/Voice2Txt/VoiceInk/VoiceForge/build/Build/Intermediates.noindex/KeyboardShortcuts.build/Release/KeyboardShortcuts.build/Objects-normal/arm64/Recorder.o -o /Users/nikhilreddy/Documents/Voice2Txt/VoiceInk/VoiceForge/build/Build/Intermediates.noindex/KeyboardShortcuts.build/Release/KeyboardShortcuts.build/Objects-normal/arm64/RecorderCocoa.o -o /Users/nikhilreddy/Documents/Voice2Txt/VoiceInk/VoiceForge/build/Build/Intermediates.noindex/KeyboardShortcuts.build/Release/KeyboardShortcuts.build/Objects-normal/arm64/Shortcut.o -o /Users/nikhilreddy/Documents/Voice2Txt/VoiceInk/VoiceForge/build/Build/Intermediates.noindex/KeyboardShortcuts.build/Release/KeyboardShortcuts.build/Objects-normal/arm64/Utilities.o -o /Users/nikhilreddy/Documents/Voice2Txt/VoiceInk/VoiceForge/build/Build/Intermediates.noindex/KeyboardShortcuts.build/Release/KeyboardShortcuts.build/Objects-normal/arm64/ViewModifiers.o -index-unit-output-path /KeyboardShortcuts.build/Release/KeyboardShortcuts.build/Objects-normal/arm64/resource_bundle_accessor.o -index-unit-output-path /KeyboardShortcuts.build/Release/KeyboardShortcuts.build/Objects-normal/arm64/CarbonKeyboardShortcuts.o -index-unit-output-path /KeyboardShortcuts.build/Release/KeyboardShortcuts.build/Objects-normal/arm64/Key.o -index-unit-output-path /KeyboardShortcuts.build/Release/KeyboardShortcuts.build/Objects-normal/arm64/KeyboardShortcuts.o -index-unit-output-path /KeyboardShortcuts.build/Release/KeyboardShortcuts.build/Objects-normal/arm64/NSMenuItem++.o -index-unit-output-path /KeyboardShortcuts.build/Release/KeyboardShortcuts.build/Objects-normal/arm64/Name.o -index-unit-output-path /KeyboardShortcuts.build/Release/KeyboardShortcuts.build/Objects-normal/arm64/Recorder.o -index-unit-output-path /KeyboardShortcuts.build/Release/KeyboardShortcuts.build/Objects-normal/arm64/RecorderCocoa.o -index-unit-output-path /KeyboardShortcuts.build/Release/KeyboardShortcuts.build/Objects-normal/arm64/Shortcut.o -index-unit-output-path /KeyboardShortcuts.build/Release/KeyboardShortcuts.build/Objects-normal/arm64/Utilities.o -index-unit-output-path /KeyboardShortcuts.build/Release/KeyboardShortcuts.build/Objects-normal/arm64/ViewModifiers.o

CompileSwift normal arm64 (in target 'KeyboardShortcuts' from project 'KeyboardShortcuts')
    cd /Users/nikhilreddy/Documents/Voice2Txt/VoiceInk/VoiceForge/VoiceForge.xcodeproj
    /Applications/Xcode.app/Contents/Developer/Toolchains/XcodeDefault.xctoolchain/usr/bin/swift-frontend -c /Users/nikhilreddy/Documents/Voice2Txt/VoiceInk/VoiceForge/build/Build/Intermediates.noindex/KeyboardShortcuts.build/Release/KeyboardShortcuts.build/DerivedSources/resource_bundle_accessor.swift /Users/nikhilreddy/Documents/Voice2Txt/VoiceInk/VoiceForge/build/SourcePackages/checkouts/KeyboardShortcuts/Sources/KeyboardShortcuts/CarbonKeyboardShortcuts.swift /Users/nikhilreddy/Documents/Voice2Txt/VoiceInk/VoiceForge/build/SourcePackages/checkouts/KeyboardShortcuts/Sources/KeyboardShortcuts/Key.swift /Users/nikhilreddy/Documents/Voice2Txt/VoiceInk/VoiceForge/build/SourcePackages/checkouts/KeyboardShortcuts/Sources/KeyboardShortcuts/KeyboardShortcuts.swift /Users/nikhilreddy/Documents/Voice2Txt/VoiceInk/VoiceForge/build/SourcePackages/checkouts/KeyboardShortcuts/Sources/KeyboardShortcuts/NSMenuItem++.swift /Users/nikhilreddy/Documents/Voice2Txt/VoiceInk/VoiceForge/build/SourcePackages/checkouts/KeyboardShortcuts/Sources/KeyboardShortcuts/Name.swift /Users/nikhilreddy/Documents/Voice2Txt/VoiceInk/VoiceForge/build/SourcePackages/checkouts/KeyboardShortcuts/Sources/KeyboardShortcuts/Recorder.swift /Users/nikhilreddy/Documents/Voice2Txt/VoiceInk/VoiceForge/build/SourcePackages/checkouts/KeyboardShortcuts/Sources/KeyboardShortcuts/RecorderCocoa.swift /Users/nikhilreddy/Documents/Voice2Txt/VoiceInk/VoiceForge/build/SourcePackages/checkouts/KeyboardShortcuts/Sources/KeyboardShortcuts/Shortcut.swift /Users/nikhilreddy/Documents/Voice2Txt/VoiceInk/VoiceForge/build/SourcePackages/checkouts/KeyboardShortcuts/Sources/KeyboardShortcuts/Utilities.swift /Users/nikhilreddy/Documents/Voice2Txt/VoiceInk/VoiceForge/build/SourcePackages/checkouts/KeyboardShortcuts/Sources/KeyboardShortcuts/ViewModifiers.swift -supplementary-output-file-map /Users/nikhilreddy/Documents/Voice2Txt/VoiceInk/VoiceForge/build/Build/Intermediates.noindex/KeyboardShortcuts.build/Release/KeyboardShortcuts.build/Objects-normal/arm64/supplementaryOutputs-2 -emit-localized-strings -emit-localized-strings-path /Users/nikhilreddy/Documents/Voice2Txt/VoiceInk/VoiceForge/build/Build/Intermediates.noindex/KeyboardShortcuts.build/Release/KeyboardShortcuts.build/Objects-normal/arm64 -target arm64-apple-macos10.15 -Xllvm -aarch64-use-tbi -enable-objc-interop -stack-check -sdk /Applications/Xcode.app/Contents/Developer/Platforms/MacOSX.platform/Developer/SDKs/MacOSX15.2.sdk -I /Users/nikhilreddy/Documents/Voice2Txt/VoiceInk/VoiceForge/build/Build/Products/Release -I /Applications/Xcode.app/Contents/Developer/Platforms/MacOSX.platform/Developer/usr/lib -F /Users/nikhilreddy/Documents/Voice2Txt/VoiceInk/VoiceForge/build/Build/Products/Release -F /Applications/Xcode.app/Contents/Developer/Platforms/MacOSX.platform/Developer/Library/Frameworks -no-color-diagnostics -g -debug-info-format\=dwarf -dwarf-version\=4 -module-cache-path /Users/nikhilreddy/Documents/Voice2Txt/VoiceInk/VoiceForge/build/ModuleCache.noindex -suppress-warnings -profile-generate -profile-coverage-mapping -swift-version 5 -enforce-exclusivity\=checked -O -D SWIFT_PACKAGE -D Xcode -serialize-debugging-options -const-gather-protocols-file /Users/nikhilreddy/Documents/Voice2Txt/VoiceInk/VoiceForge/build/Build/Intermediates.noindex/KeyboardShortcuts.build/Release/KeyboardShortcuts.build/Objects-normal/arm64/KeyboardShortcuts_const_extract_protocols.json -enable-experimental-feature DebugDescriptionMacro -empty-abi-descriptor -plugin-path /Applications/Xcode.app/Contents/Developer/Toolchains/XcodeDefault.xctoolchain/usr/lib/swift/host/plugins/testing -validate-clang-modules-once -clang-build-session-file /Users/nikhilreddy/Documents/Voice2Txt/VoiceInk/VoiceForge/build/ModuleCache.noindex/Session.modulevalidation -Xcc -working-directory -Xcc /Users/nikhilreddy/Documents/Voice2Txt/VoiceInk/VoiceForge/VoiceForge.xcodeproj -resource-dir /Applications/Xcode.app/Contents/Developer/Toolchains/XcodeDefault.xctoolchain/usr/lib/swift -file-compilation-dir /Users/nikhilreddy/Documents/Voice2Txt/VoiceInk/VoiceForge/VoiceForge.xcodeproj -Xcc -ivfsstatcache -Xcc /Users/nikhilreddy/Documents/Voice2Txt/VoiceInk/VoiceForge/build/SDKStatCaches.noindex/macosx15.2-24C94-1dd28740b163f220e3e9b9fd2a542f53.sdkstatcache -Xcc -I/Users/nikhilreddy/Documents/Voice2Txt/VoiceInk/VoiceForge/build/Build/Intermediates.noindex/KeyboardShortcuts.build/Release/KeyboardShortcuts.build/swift-overrides.hmap -Xcc -I/Users/nikhilreddy/Documents/Voice2Txt/VoiceInk/VoiceForge/build/Build/Products/Release/include -Xcc -I/Users/nikhilreddy/Documents/Voice2Txt/VoiceInk/VoiceForge/build/Build/Intermediates.noindex/KeyboardShortcuts.build/Release/KeyboardShortcuts.build/DerivedSources-normal/arm64 -Xcc -I/Users/nikhilreddy/Documents/Voice2Txt/VoiceInk/VoiceForge/build/Build/Intermediates.noindex/KeyboardShortcuts.build/Release/KeyboardShortcuts.build/DerivedSources/arm64 -Xcc -I/Users/nikhilreddy/Documents/Voice2Txt/VoiceInk/VoiceForge/build/Build/Intermediates.noindex/KeyboardShortcuts.build/Release/KeyboardShortcuts.build/DerivedSources -Xcc -DSWIFT_PACKAGE -module-name KeyboardShortcuts -package-name keyboardshortcuts -frontend-parseable-output -disable-clang-spi -target-sdk-version 15.2 -target-sdk-name macosx15.2 -external-plugin-path /Applications/Xcode.app/Contents/Developer/Platforms/MacOSX.platform/Developer/usr/lib/swift/host/plugins\#/Applications/Xcode.app/Contents/Developer/Platforms/MacOSX.platform/Developer/usr/bin/swift-plugin-server -external-plugin-path /Applications/Xcode.app/Contents/Developer/Platforms/MacOSX.platform/Developer/usr/local/lib/swift/host/plugins\#/Applications/Xcode.app/Contents/Developer/Platforms/MacOSX.platform/Developer/usr/bin/swift-plugin-server -plugin-path /Applications/Xcode.app/Contents/Developer/Toolchains/XcodeDefault.xctoolchain/usr/lib/swift/host/plugins -plugin-path /Applications/Xcode.app/Contents/Developer/Toolchains/XcodeDefault.xctoolchain/usr/local/lib/swift/host/plugins -enable-default-cmo -num-threads 8 -o /Users/nikhilreddy/Documents/Voice2Txt/VoiceInk/VoiceForge/build/Build/Intermediates.noindex/KeyboardShortcuts.build/Release/KeyboardShortcuts.build/Objects-normal/arm64/resource_bundle_accessor.o -o /Users/nikhilreddy/Documents/Voice2Txt/VoiceInk/VoiceForge/build/Build/Intermediates.noindex/KeyboardShortcuts.build/Release/KeyboardShortcuts.build/Objects-normal/arm64/CarbonKeyboardShortcuts.o -o /Users/nikhilreddy/Documents/Voice2Txt/VoiceInk/VoiceForge/build/Build/Intermediates.noindex/KeyboardShortcuts.build/Release/KeyboardShortcuts.build/Objects-normal/arm64/Key.o -o /Users/nikhilreddy/Documents/Voice2Txt/VoiceInk/VoiceForge/build/Build/Intermediates.noindex/KeyboardShortcuts.build/Release/KeyboardShortcuts.build/Objects-normal/arm64/KeyboardShortcuts.o -o /Users/nikhilreddy/Documents/Voice2Txt/VoiceInk/VoiceForge/build/Build/Intermediates.noindex/KeyboardShortcuts.build/Release/KeyboardShortcuts.build/Objects-normal/arm64/NSMenuItem++.o -o /Users/nikhilreddy/Documents/Voice2Txt/VoiceInk/VoiceForge/build/Build/Intermediates.noindex/KeyboardShortcuts.build/Release/KeyboardShortcuts.build/Objects-normal/arm64/Name.o -o /Users/nikhilreddy/Documents/Voice2Txt/VoiceInk/VoiceForge/build/Build/Intermediates.noindex/KeyboardShortcuts.build/Release/KeyboardShortcuts.build/Objects-normal/arm64/Recorder.o -o /Users/nikhilreddy/Documents/Voice2Txt/VoiceInk/VoiceForge/build/Build/Intermediates.noindex/KeyboardShortcuts.build/Release/KeyboardShortcuts.build/Objects-normal/arm64/RecorderCocoa.o -o /Users/nikhilreddy/Documents/Voice2Txt/VoiceInk/VoiceForge/build/Build/Intermediates.noindex/KeyboardShortcuts.build/Release/KeyboardShortcuts.build/Objects-normal/arm64/Shortcut.o -o /Users/nikhilreddy/Documents/Voice2Txt/VoiceInk/VoiceForge/build/Build/Intermediates.noindex/KeyboardShortcuts.build/Release/KeyboardShortcuts.build/Objects-normal/arm64/Utilities.o -o /Users/nikhilreddy/Documents/Voice2Txt/VoiceInk/VoiceForge/build/Build/Intermediates.noindex/KeyboardShortcuts.build/Release/KeyboardShortcuts.build/Objects-normal/arm64/ViewModifiers.o -index-unit-output-path /KeyboardShortcuts.build/Release/KeyboardShortcuts.build/Objects-normal/arm64/resource_bundle_accessor.o -index-unit-output-path /KeyboardShortcuts.build/Release/KeyboardShortcuts.build/Objects-normal/arm64/CarbonKeyboardShortcuts.o -index-unit-output-path /KeyboardShortcuts.build/Release/KeyboardShortcuts.build/Objects-normal/arm64/Key.o -index-unit-output-path /KeyboardShortcuts.build/Release/KeyboardShortcuts.build/Objects-normal/arm64/KeyboardShortcuts.o -index-unit-output-path /KeyboardShortcuts.build/Release/KeyboardShortcuts.build/Objects-normal/arm64/NSMenuItem++.o -index-unit-output-path /KeyboardShortcuts.build/Release/KeyboardShortcuts.build/Objects-normal/arm64/Name.o -index-unit-output-path /KeyboardShortcuts.build/Release/KeyboardShortcuts.build/Objects-normal/arm64/Recorder.o -index-unit-output-path /KeyboardShortcuts.build/Release/KeyboardShortcuts.build/Objects-normal/arm64/RecorderCocoa.o -index-unit-output-path /KeyboardShortcuts.build/Release/KeyboardShortcuts.build/Objects-normal/arm64/Shortcut.o -index-unit-output-path /KeyboardShortcuts.build/Release/KeyboardShortcuts.build/Objects-normal/arm64/Utilities.o -index-unit-output-path /KeyboardShortcuts.build/Release/KeyboardShortcuts.build/Objects-normal/arm64/ViewModifiers.o

SwiftCompile normal x86_64 Compiling\ resource_bundle_accessor.swift,\ CarbonKeyboardShortcuts.swift,\ Key.swift,\ KeyboardShortcuts.swift,\ NSMenuItem++.swift,\ Name.swift,\ Recorder.swift,\ RecorderCocoa.swift,\ Shortcut.swift,\ Utilities.swift,\ ViewModifiers.swift /Users/nikhilreddy/Documents/Voice2Txt/VoiceInk/VoiceForge/build/Build/Intermediates.noindex/KeyboardShortcuts.build/Release/KeyboardShortcuts.build/DerivedSources/resource_bundle_accessor.swift /Users/nikhilreddy/Documents/Voice2Txt/VoiceInk/VoiceForge/build/SourcePackages/checkouts/KeyboardShortcuts/Sources/KeyboardShortcuts/CarbonKeyboardShortcuts.swift /Users/nikhilreddy/Documents/Voice2Txt/VoiceInk/VoiceForge/build/SourcePackages/checkouts/KeyboardShortcuts/Sources/KeyboardShortcuts/Key.swift /Users/nikhilreddy/Documents/Voice2Txt/VoiceInk/VoiceForge/build/SourcePackages/checkouts/KeyboardShortcuts/Sources/KeyboardShortcuts/KeyboardShortcuts.swift /Users/nikhilreddy/Documents/Voice2Txt/VoiceInk/VoiceForge/build/SourcePackages/checkouts/KeyboardShortcuts/Sources/KeyboardShortcuts/NSMenuItem++.swift /Users/nikhilreddy/Documents/Voice2Txt/VoiceInk/VoiceForge/build/SourcePackages/checkouts/KeyboardShortcuts/Sources/KeyboardShortcuts/Name.swift /Users/nikhilreddy/Documents/Voice2Txt/VoiceInk/VoiceForge/build/SourcePackages/checkouts/KeyboardShortcuts/Sources/KeyboardShortcuts/Recorder.swift /Users/nikhilreddy/Documents/Voice2Txt/VoiceInk/VoiceForge/build/SourcePackages/checkouts/KeyboardShortcuts/Sources/KeyboardShortcuts/RecorderCocoa.swift /Users/nikhilreddy/Documents/Voice2Txt/VoiceInk/VoiceForge/build/SourcePackages/checkouts/KeyboardShortcuts/Sources/KeyboardShortcuts/Shortcut.swift /Users/nikhilreddy/Documents/Voice2Txt/VoiceInk/VoiceForge/build/SourcePackages/checkouts/KeyboardShortcuts/Sources/KeyboardShortcuts/Utilities.swift /Users/nikhilreddy/Documents/Voice2Txt/VoiceInk/VoiceForge/build/SourcePackages/checkouts/KeyboardShortcuts/Sources/KeyboardShortcuts/ViewModifiers.swift (in target 'KeyboardShortcuts' from project 'KeyboardShortcuts')
    cd /Users/nikhilreddy/Documents/Voice2Txt/VoiceInk/VoiceForge/VoiceForge.xcodeproj
    builtin-swiftTaskExecution -- /Applications/Xcode.app/Contents/Developer/Toolchains/XcodeDefault.xctoolchain/usr/bin/swift-frontend -frontend -c /Users/nikhilreddy/Documents/Voice2Txt/VoiceInk/VoiceForge/build/Build/Intermediates.noindex/KeyboardShortcuts.build/Release/KeyboardShortcuts.build/DerivedSources/resource_bundle_accessor.swift /Users/nikhilreddy/Documents/Voice2Txt/VoiceInk/VoiceForge/build/SourcePackages/checkouts/KeyboardShortcuts/Sources/KeyboardShortcuts/CarbonKeyboardShortcuts.swift /Users/nikhilreddy/Documents/Voice2Txt/VoiceInk/VoiceForge/build/SourcePackages/checkouts/KeyboardShortcuts/Sources/KeyboardShortcuts/Key.swift /Users/nikhilreddy/Documents/Voice2Txt/VoiceInk/VoiceForge/build/SourcePackages/checkouts/KeyboardShortcuts/Sources/KeyboardShortcuts/KeyboardShortcuts.swift /Users/nikhilreddy/Documents/Voice2Txt/VoiceInk/VoiceForge/build/SourcePackages/checkouts/KeyboardShortcuts/Sources/KeyboardShortcuts/NSMenuItem++.swift /Users/nikhilreddy/Documents/Voice2Txt/VoiceInk/VoiceForge/build/SourcePackages/checkouts/KeyboardShortcuts/Sources/KeyboardShortcuts/Name.swift /Users/nikhilreddy/Documents/Voice2Txt/VoiceInk/VoiceForge/build/SourcePackages/checkouts/KeyboardShortcuts/Sources/KeyboardShortcuts/Recorder.swift /Users/nikhilreddy/Documents/Voice2Txt/VoiceInk/VoiceForge/build/SourcePackages/checkouts/KeyboardShortcuts/Sources/KeyboardShortcuts/RecorderCocoa.swift /Users/nikhilreddy/Documents/Voice2Txt/VoiceInk/VoiceForge/build/SourcePackages/checkouts/KeyboardShortcuts/Sources/KeyboardShortcuts/Shortcut.swift /Users/nikhilreddy/Documents/Voice2Txt/VoiceInk/VoiceForge/build/SourcePackages/checkouts/KeyboardShortcuts/Sources/KeyboardShortcuts/Utilities.swift /Users/nikhilreddy/Documents/Voice2Txt/VoiceInk/VoiceForge/build/SourcePackages/checkouts/KeyboardShortcuts/Sources/KeyboardShortcuts/ViewModifiers.swift -supplementary-output-file-map /Users/nikhilreddy/Documents/Voice2Txt/VoiceInk/VoiceForge/build/Build/Intermediates.noindex/KeyboardShortcuts.build/Release/KeyboardShortcuts.build/Objects-normal/x86_64/supplementaryOutputs-1 -emit-localized-strings -emit-localized-strings-path /Users/nikhilreddy/Documents/Voice2Txt/VoiceInk/VoiceForge/build/Build/Intermediates.noindex/KeyboardShortcuts.build/Release/KeyboardShortcuts.build/Objects-normal/x86_64 -target x86_64-apple-macos10.15 -enable-objc-interop -stack-check -sdk /Applications/Xcode.app/Contents/Developer/Platforms/MacOSX.platform/Developer/SDKs/MacOSX15.2.sdk -I /Users/nikhilreddy/Documents/Voice2Txt/VoiceInk/VoiceForge/build/Build/Products/Release -I /Applications/Xcode.app/Contents/Developer/Platforms/MacOSX.platform/Developer/usr/lib -F /Users/nikhilreddy/Documents/Voice2Txt/VoiceInk/VoiceForge/build/Build/Products/Release -F /Applications/Xcode.app/Contents/Developer/Platforms/MacOSX.platform/Developer/Library/Frameworks -no-color-diagnostics -g -debug-info-format\=dwarf -dwarf-version\=4 -module-cache-path /Users/nikhilreddy/Documents/Voice2Txt/VoiceInk/VoiceForge/build/ModuleCache.noindex -suppress-warnings -profile-generate -profile-coverage-mapping -swift-version 5 -enforce-exclusivity\=checked -O -D SWIFT_PACKAGE -D Xcode -serialize-debugging-options -const-gather-protocols-file /Users/nikhilreddy/Documents/Voice2Txt/VoiceInk/VoiceForge/build/Build/Intermediates.noindex/KeyboardShortcuts.build/Release/KeyboardShortcuts.build/Objects-normal/x86_64/KeyboardShortcuts_const_extract_protocols.json -enable-experimental-feature DebugDescriptionMacro -empty-abi-descriptor -plugin-path /Applications/Xcode.app/Contents/Developer/Toolchains/XcodeDefault.xctoolchain/usr/lib/swift/host/plugins/testing -validate-clang-modules-once -clang-build-session-file /Users/nikhilreddy/Documents/Voice2Txt/VoiceInk/VoiceForge/build/ModuleCache.noindex/Session.modulevalidation -Xcc -working-directory -Xcc /Users/nikhilreddy/Documents/Voice2Txt/VoiceInk/VoiceForge/VoiceForge.xcodeproj -resource-dir /Applications/Xcode.app/Contents/Developer/Toolchains/XcodeDefault.xctoolchain/usr/lib/swift -file-compilation-dir /Users/nikhilreddy/Documents/Voice2Txt/VoiceInk/VoiceForge/VoiceForge.xcodeproj -Xcc -ivfsstatcache -Xcc /Users/nikhilreddy/Documents/Voice2Txt/VoiceInk/VoiceForge/build/SDKStatCaches.noindex/macosx15.2-24C94-1dd28740b163f220e3e9b9fd2a542f53.sdkstatcache -Xcc -I/Users/nikhilreddy/Documents/Voice2Txt/VoiceInk/VoiceForge/build/Build/Intermediates.noindex/KeyboardShortcuts.build/Release/KeyboardShortcuts.build/swift-overrides.hmap -Xcc -I/Users/nikhilreddy/Documents/Voice2Txt/VoiceInk/VoiceForge/build/Build/Products/Release/include -Xcc -I/Users/nikhilreddy/Documents/Voice2Txt/VoiceInk/VoiceForge/build/Build/Intermediates.noindex/KeyboardShortcuts.build/Release/KeyboardShortcuts.build/DerivedSources-normal/x86_64 -Xcc -I/Users/nikhilreddy/Documents/Voice2Txt/VoiceInk/VoiceForge/build/Build/Intermediates.noindex/KeyboardShortcuts.build/Release/KeyboardShortcuts.build/DerivedSources/x86_64 -Xcc -I/Users/nikhilreddy/Documents/Voice2Txt/VoiceInk/VoiceForge/build/Build/Intermediates.noindex/KeyboardShortcuts.build/Release/KeyboardShortcuts.build/DerivedSources -Xcc -DSWIFT_PACKAGE -module-name KeyboardShortcuts -package-name keyboardshortcuts -frontend-parseable-output -disable-clang-spi -target-sdk-version 15.2 -target-sdk-name macosx15.2 -external-plugin-path /Applications/Xcode.app/Contents/Developer/Platforms/MacOSX.platform/Developer/usr/lib/swift/host/plugins\#/Applications/Xcode.app/Contents/Developer/Platforms/MacOSX.platform/Developer/usr/bin/swift-plugin-server -external-plugin-path /Applications/Xcode.app/Contents/Developer/Platforms/MacOSX.platform/Developer/usr/local/lib/swift/host/plugins\#/Applications/Xcode.app/Contents/Developer/Platforms/MacOSX.platform/Developer/usr/bin/swift-plugin-server -plugin-path /Applications/Xcode.app/Contents/Developer/Toolchains/XcodeDefault.xctoolchain/usr/lib/swift/host/plugins -plugin-path /Applications/Xcode.app/Contents/Developer/Toolchains/XcodeDefault.xctoolchain/usr/local/lib/swift/host/plugins -enable-default-cmo -num-threads 8 -o /Users/nikhilreddy/Documents/Voice2Txt/VoiceInk/VoiceForge/build/Build/Intermediates.noindex/KeyboardShortcuts.build/Release/KeyboardShortcuts.build/Objects-normal/x86_64/resource_bundle_accessor.o -o /Users/nikhilreddy/Documents/Voice2Txt/VoiceInk/VoiceForge/build/Build/Intermediates.noindex/KeyboardShortcuts.build/Release/KeyboardShortcuts.build/Objects-normal/x86_64/CarbonKeyboardShortcuts.o -o /Users/nikhilreddy/Documents/Voice2Txt/VoiceInk/VoiceForge/build/Build/Intermediates.noindex/KeyboardShortcuts.build/Release/KeyboardShortcuts.build/Objects-normal/x86_64/Key.o -o /Users/nikhilreddy/Documents/Voice2Txt/VoiceInk/VoiceForge/build/Build/Intermediates.noindex/KeyboardShortcuts.build/Release/KeyboardShortcuts.build/Objects-normal/x86_64/KeyboardShortcuts.o -o /Users/nikhilreddy/Documents/Voice2Txt/VoiceInk/VoiceForge/build/Build/Intermediates.noindex/KeyboardShortcuts.build/Release/KeyboardShortcuts.build/Objects-normal/x86_64/NSMenuItem++.o -o /Users/nikhilreddy/Documents/Voice2Txt/VoiceInk/VoiceForge/build/Build/Intermediates.noindex/KeyboardShortcuts.build/Release/KeyboardShortcuts.build/Objects-normal/x86_64/Name.o -o /Users/nikhilreddy/Documents/Voice2Txt/VoiceInk/VoiceForge/build/Build/Intermediates.noindex/KeyboardShortcuts.build/Release/KeyboardShortcuts.build/Objects-normal/x86_64/Recorder.o -o /Users/nikhilreddy/Documents/Voice2Txt/VoiceInk/VoiceForge/build/Build/Intermediates.noindex/KeyboardShortcuts.build/Release/KeyboardShortcuts.build/Objects-normal/x86_64/RecorderCocoa.o -o /Users/nikhilreddy/Documents/Voice2Txt/VoiceInk/VoiceForge/build/Build/Intermediates.noindex/KeyboardShortcuts.build/Release/KeyboardShortcuts.build/Objects-normal/x86_64/Shortcut.o -o /Users/nikhilreddy/Documents/Voice2Txt/VoiceInk/VoiceForge/build/Build/Intermediates.noindex/KeyboardShortcuts.build/Release/KeyboardShortcuts.build/Objects-normal/x86_64/Utilities.o -o /Users/nikhilreddy/Documents/Voice2Txt/VoiceInk/VoiceForge/build/Build/Intermediates.noindex/KeyboardShortcuts.build/Release/KeyboardShortcuts.build/Objects-normal/x86_64/ViewModifiers.o -index-unit-output-path /KeyboardShortcuts.build/Release/KeyboardShortcuts.build/Objects-normal/x86_64/resource_bundle_accessor.o -index-unit-output-path /KeyboardShortcuts.build/Release/KeyboardShortcuts.build/Objects-normal/x86_64/CarbonKeyboardShortcuts.o -index-unit-output-path /KeyboardShortcuts.build/Release/KeyboardShortcuts.build/Objects-normal/x86_64/Key.o -index-unit-output-path /KeyboardShortcuts.build/Release/KeyboardShortcuts.build/Objects-normal/x86_64/KeyboardShortcuts.o -index-unit-output-path /KeyboardShortcuts.build/Release/KeyboardShortcuts.build/Objects-normal/x86_64/NSMenuItem++.o -index-unit-output-path /KeyboardShortcuts.build/Release/KeyboardShortcuts.build/Objects-normal/x86_64/Name.o -index-unit-output-path /KeyboardShortcuts.build/Release/KeyboardShortcuts.build/Objects-normal/x86_64/Recorder.o -index-unit-output-path /KeyboardShortcuts.build/Release/KeyboardShortcuts.build/Objects-normal/x86_64/RecorderCocoa.o -index-unit-output-path /KeyboardShortcuts.build/Release/KeyboardShortcuts.build/Objects-normal/x86_64/Shortcut.o -index-unit-output-path /KeyboardShortcuts.build/Release/KeyboardShortcuts.build/Objects-normal/x86_64/Utilities.o -index-unit-output-path /KeyboardShortcuts.build/Release/KeyboardShortcuts.build/Objects-normal/x86_64/ViewModifiers.o
CompileSwift normal x86_64 (in target 'KeyboardShortcuts' from project 'KeyboardShortcuts')
    cd /Users/nikhilreddy/Documents/Voice2Txt/VoiceInk/VoiceForge/VoiceForge.xcodeproj
    /Applications/Xcode.app/Contents/Developer/Toolchains/XcodeDefault.xctoolchain/usr/bin/swift-frontend -c /Users/nikhilreddy/Documents/Voice2Txt/VoiceInk/VoiceForge/build/Build/Intermediates.noindex/KeyboardShortcuts.build/Release/KeyboardShortcuts.build/DerivedSources/resource_bundle_accessor.swift /Users/nikhilreddy/Documents/Voice2Txt/VoiceInk/VoiceForge/build/SourcePackages/checkouts/KeyboardShortcuts/Sources/KeyboardShortcuts/CarbonKeyboardShortcuts.swift /Users/nikhilreddy/Documents/Voice2Txt/VoiceInk/VoiceForge/build/SourcePackages/checkouts/KeyboardShortcuts/Sources/KeyboardShortcuts/Key.swift /Users/nikhilreddy/Documents/Voice2Txt/VoiceInk/VoiceForge/build/SourcePackages/checkouts/KeyboardShortcuts/Sources/KeyboardShortcuts/KeyboardShortcuts.swift /Users/nikhilreddy/Documents/Voice2Txt/VoiceInk/VoiceForge/build/SourcePackages/checkouts/KeyboardShortcuts/Sources/KeyboardShortcuts/NSMenuItem++.swift /Users/nikhilreddy/Documents/Voice2Txt/VoiceInk/VoiceForge/build/SourcePackages/checkouts/KeyboardShortcuts/Sources/KeyboardShortcuts/Name.swift /Users/nikhilreddy/Documents/Voice2Txt/VoiceInk/VoiceForge/build/SourcePackages/checkouts/KeyboardShortcuts/Sources/KeyboardShortcuts/Recorder.swift /Users/nikhilreddy/Documents/Voice2Txt/VoiceInk/VoiceForge/build/SourcePackages/checkouts/KeyboardShortcuts/Sources/KeyboardShortcuts/RecorderCocoa.swift /Users/nikhilreddy/Documents/Voice2Txt/VoiceInk/VoiceForge/build/SourcePackages/checkouts/KeyboardShortcuts/Sources/KeyboardShortcuts/Shortcut.swift /Users/nikhilreddy/Documents/Voice2Txt/VoiceInk/VoiceForge/build/SourcePackages/checkouts/KeyboardShortcuts/Sources/KeyboardShortcuts/Utilities.swift /Users/nikhilreddy/Documents/Voice2Txt/VoiceInk/VoiceForge/build/SourcePackages/checkouts/KeyboardShortcuts/Sources/KeyboardShortcuts/ViewModifiers.swift -supplementary-output-file-map /Users/nikhilreddy/Documents/Voice2Txt/VoiceInk/VoiceForge/build/Build/Intermediates.noindex/KeyboardShortcuts.build/Release/KeyboardShortcuts.build/Objects-normal/x86_64/supplementaryOutputs-1 -emit-localized-strings -emit-localized-strings-path /Users/nikhilreddy/Documents/Voice2Txt/VoiceInk/VoiceForge/build/Build/Intermediates.noindex/KeyboardShortcuts.build/Release/KeyboardShortcuts.build/Objects-normal/x86_64 -target x86_64-apple-macos10.15 -enable-objc-interop -stack-check -sdk /Applications/Xcode.app/Contents/Developer/Platforms/MacOSX.platform/Developer/SDKs/MacOSX15.2.sdk -I /Users/nikhilreddy/Documents/Voice2Txt/VoiceInk/VoiceForge/build/Build/Products/Release -I /Applications/Xcode.app/Contents/Developer/Platforms/MacOSX.platform/Developer/usr/lib -F /Users/nikhilreddy/Documents/Voice2Txt/VoiceInk/VoiceForge/build/Build/Products/Release -F /Applications/Xcode.app/Contents/Developer/Platforms/MacOSX.platform/Developer/Library/Frameworks -no-color-diagnostics -g -debug-info-format\=dwarf -dwarf-version\=4 -module-cache-path /Users/nikhilreddy/Documents/Voice2Txt/VoiceInk/VoiceForge/build/ModuleCache.noindex -suppress-warnings -profile-generate -profile-coverage-mapping -swift-version 5 -enforce-exclusivity\=checked -O -D SWIFT_PACKAGE -D Xcode -serialize-debugging-options -const-gather-protocols-file /Users/nikhilreddy/Documents/Voice2Txt/VoiceInk/VoiceForge/build/Build/Intermediates.noindex/KeyboardShortcuts.build/Release/KeyboardShortcuts.build/Objects-normal/x86_64/KeyboardShortcuts_const_extract_protocols.json -enable-experimental-feature DebugDescriptionMacro -empty-abi-descriptor -plugin-path /Applications/Xcode.app/Contents/Developer/Toolchains/XcodeDefault.xctoolchain/usr/lib/swift/host/plugins/testing -validate-clang-modules-once -clang-build-session-file /Users/nikhilreddy/Documents/Voice2Txt/VoiceInk/VoiceForge/build/ModuleCache.noindex/Session.modulevalidation -Xcc -working-directory -Xcc /Users/nikhilreddy/Documents/Voice2Txt/VoiceInk/VoiceForge/VoiceForge.xcodeproj -resource-dir /Applications/Xcode.app/Contents/Developer/Toolchains/XcodeDefault.xctoolchain/usr/lib/swift -file-compilation-dir /Users/nikhilreddy/Documents/Voice2Txt/VoiceInk/VoiceForge/VoiceForge.xcodeproj -Xcc -ivfsstatcache -Xcc /Users/nikhilreddy/Documents/Voice2Txt/VoiceInk/VoiceForge/build/SDKStatCaches.noindex/macosx15.2-24C94-1dd28740b163f220e3e9b9fd2a542f53.sdkstatcache -Xcc -I/Users/nikhilreddy/Documents/Voice2Txt/VoiceInk/VoiceForge/build/Build/Intermediates.noindex/KeyboardShortcuts.build/Release/KeyboardShortcuts.build/swift-overrides.hmap -Xcc -I/Users/nikhilreddy/Documents/Voice2Txt/VoiceInk/VoiceForge/build/Build/Products/Release/include -Xcc -I/Users/nikhilreddy/Documents/Voice2Txt/VoiceInk/VoiceForge/build/Build/Intermediates.noindex/KeyboardShortcuts.build/Release/KeyboardShortcuts.build/DerivedSources-normal/x86_64 -Xcc -I/Users/nikhilreddy/Documents/Voice2Txt/VoiceInk/VoiceForge/build/Build/Intermediates.noindex/KeyboardShortcuts.build/Release/KeyboardShortcuts.build/DerivedSources/x86_64 -Xcc -I/Users/nikhilreddy/Documents/Voice2Txt/VoiceInk/VoiceForge/build/Build/Intermediates.noindex/KeyboardShortcuts.build/Release/KeyboardShortcuts.build/DerivedSources -Xcc -DSWIFT_PACKAGE -module-name KeyboardShortcuts -package-name keyboardshortcuts -frontend-parseable-output -disable-clang-spi -target-sdk-version 15.2 -target-sdk-name macosx15.2 -external-plugin-path /Applications/Xcode.app/Contents/Developer/Platforms/MacOSX.platform/Developer/usr/lib/swift/host/plugins\#/Applications/Xcode.app/Contents/Developer/Platforms/MacOSX.platform/Developer/usr/bin/swift-plugin-server -external-plugin-path /Applications/Xcode.app/Contents/Developer/Platforms/MacOSX.platform/Developer/usr/local/lib/swift/host/plugins\#/Applications/Xcode.app/Contents/Developer/Platforms/MacOSX.platform/Developer/usr/bin/swift-plugin-server -plugin-path /Applications/Xcode.app/Contents/Developer/Toolchains/XcodeDefault.xctoolchain/usr/lib/swift/host/plugins -plugin-path /Applications/Xcode.app/Contents/Developer/Toolchains/XcodeDefault.xctoolchain/usr/local/lib/swift/host/plugins -enable-default-cmo -num-threads 8 -o /Users/nikhilreddy/Documents/Voice2Txt/VoiceInk/VoiceForge/build/Build/Intermediates.noindex/KeyboardShortcuts.build/Release/KeyboardShortcuts.build/Objects-normal/x86_64/resource_bundle_accessor.o -o /Users/nikhilreddy/Documents/Voice2Txt/VoiceInk/VoiceForge/build/Build/Intermediates.noindex/KeyboardShortcuts.build/Release/KeyboardShortcuts.build/Objects-normal/x86_64/CarbonKeyboardShortcuts.o -o /Users/nikhilreddy/Documents/Voice2Txt/VoiceInk/VoiceForge/build/Build/Intermediates.noindex/KeyboardShortcuts.build/Release/KeyboardShortcuts.build/Objects-normal/x86_64/Key.o -o /Users/nikhilreddy/Documents/Voice2Txt/VoiceInk/VoiceForge/build/Build/Intermediates.noindex/KeyboardShortcuts.build/Release/KeyboardShortcuts.build/Objects-normal/x86_64/KeyboardShortcuts.o -o /Users/nikhilreddy/Documents/Voice2Txt/VoiceInk/VoiceForge/build/Build/Intermediates.noindex/KeyboardShortcuts.build/Release/KeyboardShortcuts.build/Objects-normal/x86_64/NSMenuItem++.o -o /Users/nikhilreddy/Documents/Voice2Txt/VoiceInk/VoiceForge/build/Build/Intermediates.noindex/KeyboardShortcuts.build/Release/KeyboardShortcuts.build/Objects-normal/x86_64/Name.o -o /Users/nikhilreddy/Documents/Voice2Txt/VoiceInk/VoiceForge/build/Build/Intermediates.noindex/KeyboardShortcuts.build/Release/KeyboardShortcuts.build/Objects-normal/x86_64/Recorder.o -o /Users/nikhilreddy/Documents/Voice2Txt/VoiceInk/VoiceForge/build/Build/Intermediates.noindex/KeyboardShortcuts.build/Release/KeyboardShortcuts.build/Objects-normal/x86_64/RecorderCocoa.o -o /Users/nikhilreddy/Documents/Voice2Txt/VoiceInk/VoiceForge/build/Build/Intermediates.noindex/KeyboardShortcuts.build/Release/KeyboardShortcuts.build/Objects-normal/x86_64/Shortcut.o -o /Users/nikhilreddy/Documents/Voice2Txt/VoiceInk/VoiceForge/build/Build/Intermediates.noindex/KeyboardShortcuts.build/Release/KeyboardShortcuts.build/Objects-normal/x86_64/Utilities.o -o /Users/nikhilreddy/Documents/Voice2Txt/VoiceInk/VoiceForge/build/Build/Intermediates.noindex/KeyboardShortcuts.build/Release/KeyboardShortcuts.build/Objects-normal/x86_64/ViewModifiers.o -index-unit-output-path /KeyboardShortcuts.build/Release/KeyboardShortcuts.build/Objects-normal/x86_64/resource_bundle_accessor.o -index-unit-output-path /KeyboardShortcuts.build/Release/KeyboardShortcuts.build/Objects-normal/x86_64/CarbonKeyboardShortcuts.o -index-unit-output-path /KeyboardShortcuts.build/Release/KeyboardShortcuts.build/Objects-normal/x86_64/Key.o -index-unit-output-path /KeyboardShortcuts.build/Release/KeyboardShortcuts.build/Objects-normal/x86_64/KeyboardShortcuts.o -index-unit-output-path /KeyboardShortcuts.build/Release/KeyboardShortcuts.build/Objects-normal/x86_64/NSMenuItem++.o -index-unit-output-path /KeyboardShortcuts.build/Release/KeyboardShortcuts.build/Objects-normal/x86_64/Name.o -index-unit-output-path /KeyboardShortcuts.build/Release/KeyboardShortcuts.build/Objects-normal/x86_64/Recorder.o -index-unit-output-path /KeyboardShortcuts.build/Release/KeyboardShortcuts.build/Objects-normal/x86_64/RecorderCocoa.o -index-unit-output-path /KeyboardShortcuts.build/Release/KeyboardShortcuts.build/Objects-normal/x86_64/Shortcut.o -index-unit-output-path /KeyboardShortcuts.build/Release/KeyboardShortcuts.build/Objects-normal/x86_64/Utilities.o -index-unit-output-path /KeyboardShortcuts.build/Release/KeyboardShortcuts.build/Objects-normal/x86_64/ViewModifiers.o

SwiftDriverJobDiscovery normal x86_64 Compiling resource_bundle_accessor.swift, CarbonKeyboardShortcuts.swift, Key.swift, KeyboardShortcuts.swift, NSMenuItem++.swift, Name.swift, Recorder.swift, RecorderCocoa.swift, Shortcut.swift, Utilities.swift, ViewModifiers.swift (in target 'KeyboardShortcuts' from project 'KeyboardShortcuts')

SwiftDriverJobDiscovery normal arm64 Compiling resource_bundle_accessor.swift, CarbonKeyboardShortcuts.swift, Key.swift, KeyboardShortcuts.swift, NSMenuItem++.swift, Name.swift, Recorder.swift, RecorderCocoa.swift, Shortcut.swift, Utilities.swift, ViewModifiers.swift (in target 'KeyboardShortcuts' from project 'KeyboardShortcuts')

SwiftDriver\ Compilation\ Requirements KeyboardShortcuts normal arm64 com.apple.xcode.tools.swift.compiler (in target 'KeyboardShortcuts' from project 'KeyboardShortcuts')
    cd /Users/nikhilreddy/Documents/Voice2Txt/VoiceInk/VoiceForge/VoiceForge.xcodeproj
    builtin-Swift-Compilation-Requirements -- /Applications/Xcode.app/Contents/Developer/Toolchains/XcodeDefault.xctoolchain/usr/bin/swiftc -module-name KeyboardShortcuts -O -whole-module-optimization -enforce-exclusivity\=checked @/Users/nikhilreddy/Documents/Voice2Txt/VoiceInk/VoiceForge/build/Build/Intermediates.noindex/KeyboardShortcuts.build/Release/KeyboardShortcuts.build/Objects-normal/arm64/KeyboardShortcuts.SwiftFileList -DSWIFT_PACKAGE -DXcode -plugin-path /Applications/Xcode.app/Contents/Developer/Toolchains/XcodeDefault.xctoolchain/usr/lib/swift/host/plugins/testing -enable-experimental-feature DebugDescriptionMacro -sdk /Applications/Xcode.app/Contents/Developer/Platforms/MacOSX.platform/Developer/SDKs/MacOSX15.2.sdk -target arm64-apple-macos10.15 -g -module-cache-path /Users/nikhilreddy/Documents/Voice2Txt/VoiceInk/VoiceForge/build/ModuleCache.noindex -Xfrontend -serialize-debugging-options -profile-coverage-mapping -profile-generate -suppress-warnings -swift-version 5 -I /Users/nikhilreddy/Documents/Voice2Txt/VoiceInk/VoiceForge/build/Build/Products/Release -I /Applications/Xcode.app/Contents/Developer/Platforms/MacOSX.platform/Developer/usr/lib -F /Users/nikhilreddy/Documents/Voice2Txt/VoiceInk/VoiceForge/build/Build/Products/Release -F /Applications/Xcode.app/Contents/Developer/Platforms/MacOSX.platform/Developer/Library/Frameworks -emit-localized-strings -emit-localized-strings-path /Users/nikhilreddy/Documents/Voice2Txt/VoiceInk/VoiceForge/build/Build/Intermediates.noindex/KeyboardShortcuts.build/Release/KeyboardShortcuts.build/Objects-normal/arm64 -c -num-threads 8 -Xcc -ivfsstatcache -Xcc /Users/nikhilreddy/Documents/Voice2Txt/VoiceInk/VoiceForge/build/SDKStatCaches.noindex/macosx15.2-24C94-1dd28740b163f220e3e9b9fd2a542f53.sdkstatcache -output-file-map /Users/nikhilreddy/Documents/Voice2Txt/VoiceInk/VoiceForge/build/Build/Intermediates.noindex/KeyboardShortcuts.build/Release/KeyboardShortcuts.build/Objects-normal/arm64/KeyboardShortcuts-OutputFileMap.json -use-frontend-parseable-output -save-temps -no-color-diagnostics -serialize-diagnostics -emit-dependencies -emit-module -emit-module-path /Users/nikhilreddy/Documents/Voice2Txt/VoiceInk/VoiceForge/build/Build/Intermediates.noindex/KeyboardShortcuts.build/Release/KeyboardShortcuts.build/Objects-normal/arm64/KeyboardShortcuts.swiftmodule -validate-clang-modules-once -clang-build-session-file /Users/nikhilreddy/Documents/Voice2Txt/VoiceInk/VoiceForge/build/ModuleCache.noindex/Session.modulevalidation -package-name keyboardshortcuts -Xcc -I/Users/nikhilreddy/Documents/Voice2Txt/VoiceInk/VoiceForge/build/Build/Intermediates.noindex/KeyboardShortcuts.build/Release/KeyboardShortcuts.build/swift-overrides.hmap -emit-const-values -Xfrontend -const-gather-protocols-file -Xfrontend /Users/nikhilreddy/Documents/Voice2Txt/VoiceInk/VoiceForge/build/Build/Intermediates.noindex/KeyboardShortcuts.build/Release/KeyboardShortcuts.build/Objects-normal/arm64/KeyboardShortcuts_const_extract_protocols.json -Xcc -I/Users/nikhilreddy/Documents/Voice2Txt/VoiceInk/VoiceForge/build/Build/Products/Release/include -Xcc -I/Users/nikhilreddy/Documents/Voice2Txt/VoiceInk/VoiceForge/build/Build/Intermediates.noindex/KeyboardShortcuts.build/Release/KeyboardShortcuts.build/DerivedSources-normal/arm64 -Xcc -I/Users/nikhilreddy/Documents/Voice2Txt/VoiceInk/VoiceForge/build/Build/Intermediates.noindex/KeyboardShortcuts.build/Release/KeyboardShortcuts.build/DerivedSources/arm64 -Xcc -I/Users/nikhilreddy/Documents/Voice2Txt/VoiceInk/VoiceForge/build/Build/Intermediates.noindex/KeyboardShortcuts.build/Release/KeyboardShortcuts.build/DerivedSources -Xcc -DSWIFT_PACKAGE -emit-objc-header -emit-objc-header-path /Users/nikhilreddy/Documents/Voice2Txt/VoiceInk/VoiceForge/build/Build/Intermediates.noindex/KeyboardShortcuts.build/Release/KeyboardShortcuts.build/Objects-normal/arm64/KeyboardShortcuts-Swift.h -working-directory /Users/nikhilreddy/Documents/Voice2Txt/VoiceInk/VoiceForge/VoiceForge.xcodeproj -no-emit-module-separately-wmo

SwiftDriver\ Compilation\ Requirements KeyboardShortcuts normal x86_64 com.apple.xcode.tools.swift.compiler (in target 'KeyboardShortcuts' from project 'KeyboardShortcuts')
    cd /Users/nikhilreddy/Documents/Voice2Txt/VoiceInk/VoiceForge/VoiceForge.xcodeproj
    builtin-Swift-Compilation-Requirements -- /Applications/Xcode.app/Contents/Developer/Toolchains/XcodeDefault.xctoolchain/usr/bin/swiftc -module-name KeyboardShortcuts -O -whole-module-optimization -enforce-exclusivity\=checked @/Users/nikhilreddy/Documents/Voice2Txt/VoiceInk/VoiceForge/build/Build/Intermediates.noindex/KeyboardShortcuts.build/Release/KeyboardShortcuts.build/Objects-normal/x86_64/KeyboardShortcuts.SwiftFileList -DSWIFT_PACKAGE -DXcode -plugin-path /Applications/Xcode.app/Contents/Developer/Toolchains/XcodeDefault.xctoolchain/usr/lib/swift/host/plugins/testing -enable-experimental-feature DebugDescriptionMacro -sdk /Applications/Xcode.app/Contents/Developer/Platforms/MacOSX.platform/Developer/SDKs/MacOSX15.2.sdk -target x86_64-apple-macos10.15 -g -module-cache-path /Users/nikhilreddy/Documents/Voice2Txt/VoiceInk/VoiceForge/build/ModuleCache.noindex -Xfrontend -serialize-debugging-options -profile-coverage-mapping -profile-generate -suppress-warnings -swift-version 5 -I /Users/nikhilreddy/Documents/Voice2Txt/VoiceInk/VoiceForge/build/Build/Products/Release -I /Applications/Xcode.app/Contents/Developer/Platforms/MacOSX.platform/Developer/usr/lib -F /Users/nikhilreddy/Documents/Voice2Txt/VoiceInk/VoiceForge/build/Build/Products/Release -F /Applications/Xcode.app/Contents/Developer/Platforms/MacOSX.platform/Developer/Library/Frameworks -emit-localized-strings -emit-localized-strings-path /Users/nikhilreddy/Documents/Voice2Txt/VoiceInk/VoiceForge/build/Build/Intermediates.noindex/KeyboardShortcuts.build/Release/KeyboardShortcuts.build/Objects-normal/x86_64 -c -num-threads 8 -Xcc -ivfsstatcache -Xcc /Users/nikhilreddy/Documents/Voice2Txt/VoiceInk/VoiceForge/build/SDKStatCaches.noindex/macosx15.2-24C94-1dd28740b163f220e3e9b9fd2a542f53.sdkstatcache -output-file-map /Users/nikhilreddy/Documents/Voice2Txt/VoiceInk/VoiceForge/build/Build/Intermediates.noindex/KeyboardShortcuts.build/Release/KeyboardShortcuts.build/Objects-normal/x86_64/KeyboardShortcuts-OutputFileMap.json -use-frontend-parseable-output -save-temps -no-color-diagnostics -serialize-diagnostics -emit-dependencies -emit-module -emit-module-path /Users/nikhilreddy/Documents/Voice2Txt/VoiceInk/VoiceForge/build/Build/Intermediates.noindex/KeyboardShortcuts.build/Release/KeyboardShortcuts.build/Objects-normal/x86_64/KeyboardShortcuts.swiftmodule -validate-clang-modules-once -clang-build-session-file /Users/nikhilreddy/Documents/Voice2Txt/VoiceInk/VoiceForge/build/ModuleCache.noindex/Session.modulevalidation -package-name keyboardshortcuts -Xcc -I/Users/nikhilreddy/Documents/Voice2Txt/VoiceInk/VoiceForge/build/Build/Intermediates.noindex/KeyboardShortcuts.build/Release/KeyboardShortcuts.build/swift-overrides.hmap -emit-const-values -Xfrontend -const-gather-protocols-file -Xfrontend /Users/nikhilreddy/Documents/Voice2Txt/VoiceInk/VoiceForge/build/Build/Intermediates.noindex/KeyboardShortcuts.build/Release/KeyboardShortcuts.build/Objects-normal/x86_64/KeyboardShortcuts_const_extract_protocols.json -Xcc -I/Users/nikhilreddy/Documents/Voice2Txt/VoiceInk/VoiceForge/build/Build/Products/Release/include -Xcc -I/Users/nikhilreddy/Documents/Voice2Txt/VoiceInk/VoiceForge/build/Build/Intermediates.noindex/KeyboardShortcuts.build/Release/KeyboardShortcuts.build/DerivedSources-normal/x86_64 -Xcc -I/Users/nikhilreddy/Documents/Voice2Txt/VoiceInk/VoiceForge/build/Build/Intermediates.noindex/KeyboardShortcuts.build/Release/KeyboardShortcuts.build/DerivedSources/x86_64 -Xcc -I/Users/nikhilreddy/Documents/Voice2Txt/VoiceInk/VoiceForge/build/Build/Intermediates.noindex/KeyboardShortcuts.build/Release/KeyboardShortcuts.build/DerivedSources -Xcc -DSWIFT_PACKAGE -emit-objc-header -emit-objc-header-path /Users/nikhilreddy/Documents/Voice2Txt/VoiceInk/VoiceForge/build/Build/Intermediates.noindex/KeyboardShortcuts.build/Release/KeyboardShortcuts.build/Objects-normal/x86_64/KeyboardShortcuts-Swift.h -working-directory /Users/nikhilreddy/Documents/Voice2Txt/VoiceInk/VoiceForge/VoiceForge.xcodeproj -no-emit-module-separately-wmo

SwiftMergeGeneratedHeaders /Users/nikhilreddy/Documents/Voice2Txt/VoiceInk/VoiceForge/build/Build/Intermediates.noindex/GeneratedModuleMaps/KeyboardShortcuts-Swift.h /Users/nikhilreddy/Documents/Voice2Txt/VoiceInk/VoiceForge/build/Build/Intermediates.noindex/KeyboardShortcuts.build/Release/KeyboardShortcuts.build/Objects-normal/arm64/KeyboardShortcuts-Swift.h /Users/nikhilreddy/Documents/Voice2Txt/VoiceInk/VoiceForge/build/Build/Intermediates.noindex/KeyboardShortcuts.build/Release/KeyboardShortcuts.build/Objects-normal/x86_64/KeyboardShortcuts-Swift.h (in target 'KeyboardShortcuts' from project 'KeyboardShortcuts')
    cd /Users/nikhilreddy/Documents/Voice2Txt/VoiceInk/VoiceForge/build/SourcePackages/checkouts/KeyboardShortcuts
    builtin-swiftHeaderTool -arch arm64 /Users/nikhilreddy/Documents/Voice2Txt/VoiceInk/VoiceForge/build/Build/Intermediates.noindex/KeyboardShortcuts.build/Release/KeyboardShortcuts.build/Objects-normal/arm64/KeyboardShortcuts-Swift.h -arch x86_64 /Users/nikhilreddy/Documents/Voice2Txt/VoiceInk/VoiceForge/build/Build/Intermediates.noindex/KeyboardShortcuts.build/Release/KeyboardShortcuts.build/Objects-normal/x86_64/KeyboardShortcuts-Swift.h -o /Users/nikhilreddy/Documents/Voice2Txt/VoiceInk/VoiceForge/build/Build/Intermediates.noindex/GeneratedModuleMaps/KeyboardShortcuts-Swift.h

Copy /Users/nikhilreddy/Documents/Voice2Txt/VoiceInk/VoiceForge/build/Build/Products/Release/KeyboardShortcuts.swiftmodule/x86_64-apple-macos.swiftdoc /Users/nikhilreddy/Documents/Voice2Txt/VoiceInk/VoiceForge/build/Build/Intermediates.noindex/KeyboardShortcuts.build/Release/KeyboardShortcuts.build/Objects-normal/x86_64/KeyboardShortcuts.swiftdoc (in target 'KeyboardShortcuts' from project 'KeyboardShortcuts')
    cd /Users/nikhilreddy/Documents/Voice2Txt/VoiceInk/VoiceForge/build/SourcePackages/checkouts/KeyboardShortcuts
    builtin-copy -exclude .DS_Store -exclude CVS -exclude .svn -exclude .git -exclude .hg -strip-unsigned-binaries -strip-deterministic -strip-tool /Applications/Xcode.app/Contents/Developer/Toolchains/XcodeDefault.xctoolchain/usr/bin/strip -resolve-src-symlinks -rename /Users/nikhilreddy/Documents/Voice2Txt/VoiceInk/VoiceForge/build/Build/Intermediates.noindex/KeyboardShortcuts.build/Release/KeyboardShortcuts.build/Objects-normal/x86_64/KeyboardShortcuts.swiftdoc /Users/nikhilreddy/Documents/Voice2Txt/VoiceInk/VoiceForge/build/Build/Products/Release/KeyboardShortcuts.swiftmodule/x86_64-apple-macos.swiftdoc

Copy /Users/nikhilreddy/Documents/Voice2Txt/VoiceInk/VoiceForge/build/Build/Products/Release/KeyboardShortcuts.swiftmodule/x86_64-apple-macos.abi.json /Users/nikhilreddy/Documents/Voice2Txt/VoiceInk/VoiceForge/build/Build/Intermediates.noindex/KeyboardShortcuts.build/Release/KeyboardShortcuts.build/Objects-normal/x86_64/KeyboardShortcuts.abi.json (in target 'KeyboardShortcuts' from project 'KeyboardShortcuts')
    cd /Users/nikhilreddy/Documents/Voice2Txt/VoiceInk/VoiceForge/build/SourcePackages/checkouts/KeyboardShortcuts
    builtin-copy -exclude .DS_Store -exclude CVS -exclude .svn -exclude .git -exclude .hg -strip-unsigned-binaries -strip-deterministic -strip-tool /Applications/Xcode.app/Contents/Developer/Toolchains/XcodeDefault.xctoolchain/usr/bin/strip -resolve-src-symlinks -rename /Users/nikhilreddy/Documents/Voice2Txt/VoiceInk/VoiceForge/build/Build/Intermediates.noindex/KeyboardShortcuts.build/Release/KeyboardShortcuts.build/Objects-normal/x86_64/KeyboardShortcuts.abi.json /Users/nikhilreddy/Documents/Voice2Txt/VoiceInk/VoiceForge/build/Build/Products/Release/KeyboardShortcuts.swiftmodule/x86_64-apple-macos.abi.json

Copy /Users/nikhilreddy/Documents/Voice2Txt/VoiceInk/VoiceForge/build/Build/Products/Release/KeyboardShortcuts.swiftmodule/arm64-apple-macos.swiftdoc /Users/nikhilreddy/Documents/Voice2Txt/VoiceInk/VoiceForge/build/Build/Intermediates.noindex/KeyboardShortcuts.build/Release/KeyboardShortcuts.build/Objects-normal/arm64/KeyboardShortcuts.swiftdoc (in target 'KeyboardShortcuts' from project 'KeyboardShortcuts')
    cd /Users/nikhilreddy/Documents/Voice2Txt/VoiceInk/VoiceForge/build/SourcePackages/checkouts/KeyboardShortcuts
    builtin-copy -exclude .DS_Store -exclude CVS -exclude .svn -exclude .git -exclude .hg -strip-unsigned-binaries -strip-deterministic -strip-tool /Applications/Xcode.app/Contents/Developer/Toolchains/XcodeDefault.xctoolchain/usr/bin/strip -resolve-src-symlinks -rename /Users/nikhilreddy/Documents/Voice2Txt/VoiceInk/VoiceForge/build/Build/Intermediates.noindex/KeyboardShortcuts.build/Release/KeyboardShortcuts.build/Objects-normal/arm64/KeyboardShortcuts.swiftdoc /Users/nikhilreddy/Documents/Voice2Txt/VoiceInk/VoiceForge/build/Build/Products/Release/KeyboardShortcuts.swiftmodule/arm64-apple-macos.swiftdoc

Copy /Users/nikhilreddy/Documents/Voice2Txt/VoiceInk/VoiceForge/build/Build/Products/Release/KeyboardShortcuts.swiftmodule/arm64-apple-macos.abi.json /Users/nikhilreddy/Documents/Voice2Txt/VoiceInk/VoiceForge/build/Build/Intermediates.noindex/KeyboardShortcuts.build/Release/KeyboardShortcuts.build/Objects-normal/arm64/KeyboardShortcuts.abi.json (in target 'KeyboardShortcuts' from project 'KeyboardShortcuts')
    cd /Users/nikhilreddy/Documents/Voice2Txt/VoiceInk/VoiceForge/build/SourcePackages/checkouts/KeyboardShortcuts
    builtin-copy -exclude .DS_Store -exclude CVS -exclude .svn -exclude .git -exclude .hg -strip-unsigned-binaries -strip-deterministic -strip-tool /Applications/Xcode.app/Contents/Developer/Toolchains/XcodeDefault.xctoolchain/usr/bin/strip -resolve-src-symlinks -rename /Users/nikhilreddy/Documents/Voice2Txt/VoiceInk/VoiceForge/build/Build/Intermediates.noindex/KeyboardShortcuts.build/Release/KeyboardShortcuts.build/Objects-normal/arm64/KeyboardShortcuts.abi.json /Users/nikhilreddy/Documents/Voice2Txt/VoiceInk/VoiceForge/build/Build/Products/Release/KeyboardShortcuts.swiftmodule/arm64-apple-macos.abi.json

Copy /Users/nikhilreddy/Documents/Voice2Txt/VoiceInk/VoiceForge/build/Build/Products/Release/KeyboardShortcuts.swiftmodule/arm64-apple-macos.swiftmodule /Users/nikhilreddy/Documents/Voice2Txt/VoiceInk/VoiceForge/build/Build/Intermediates.noindex/KeyboardShortcuts.build/Release/KeyboardShortcuts.build/Objects-normal/arm64/KeyboardShortcuts.swiftmodule (in target 'KeyboardShortcuts' from project 'KeyboardShortcuts')
    cd /Users/nikhilreddy/Documents/Voice2Txt/VoiceInk/VoiceForge/build/SourcePackages/checkouts/KeyboardShortcuts
    builtin-copy -exclude .DS_Store -exclude CVS -exclude .svn -exclude .git -exclude .hg -strip-unsigned-binaries -strip-deterministic -strip-tool /Applications/Xcode.app/Contents/Developer/Toolchains/XcodeDefault.xctoolchain/usr/bin/strip -resolve-src-symlinks -rename /Users/nikhilreddy/Documents/Voice2Txt/VoiceInk/VoiceForge/build/Build/Intermediates.noindex/KeyboardShortcuts.build/Release/KeyboardShortcuts.build/Objects-normal/arm64/KeyboardShortcuts.swiftmodule /Users/nikhilreddy/Documents/Voice2Txt/VoiceInk/VoiceForge/build/Build/Products/Release/KeyboardShortcuts.swiftmodule/arm64-apple-macos.swiftmodule

Copy /Users/nikhilreddy/Documents/Voice2Txt/VoiceInk/VoiceForge/build/Build/Products/Release/KeyboardShortcuts.swiftmodule/x86_64-apple-macos.swiftmodule /Users/nikhilreddy/Documents/Voice2Txt/VoiceInk/VoiceForge/build/Build/Intermediates.noindex/KeyboardShortcuts.build/Release/KeyboardShortcuts.build/Objects-normal/x86_64/KeyboardShortcuts.swiftmodule (in target 'KeyboardShortcuts' from project 'KeyboardShortcuts')
    cd /Users/nikhilreddy/Documents/Voice2Txt/VoiceInk/VoiceForge/build/SourcePackages/checkouts/KeyboardShortcuts
    builtin-copy -exclude .DS_Store -exclude CVS -exclude .svn -exclude .git -exclude .hg -strip-unsigned-binaries -strip-deterministic -strip-tool /Applications/Xcode.app/Contents/Developer/Toolchains/XcodeDefault.xctoolchain/usr/bin/strip -resolve-src-symlinks -rename /Users/nikhilreddy/Documents/Voice2Txt/VoiceInk/VoiceForge/build/Build/Intermediates.noindex/KeyboardShortcuts.build/Release/KeyboardShortcuts.build/Objects-normal/x86_64/KeyboardShortcuts.swiftmodule /Users/nikhilreddy/Documents/Voice2Txt/VoiceInk/VoiceForge/build/Build/Products/Release/KeyboardShortcuts.swiftmodule/x86_64-apple-macos.swiftmodule

Copy /Users/nikhilreddy/Documents/Voice2Txt/VoiceInk/VoiceForge/build/Build/Products/Release/KeyboardShortcuts.swiftmodule/Project/x86_64-apple-macos.swiftsourceinfo /Users/nikhilreddy/Documents/Voice2Txt/VoiceInk/VoiceForge/build/Build/Intermediates.noindex/KeyboardShortcuts.build/Release/KeyboardShortcuts.build/Objects-normal/x86_64/KeyboardShortcuts.swiftsourceinfo (in target 'KeyboardShortcuts' from project 'KeyboardShortcuts')
    cd /Users/nikhilreddy/Documents/Voice2Txt/VoiceInk/VoiceForge/build/SourcePackages/checkouts/KeyboardShortcuts
    builtin-copy -exclude .DS_Store -exclude CVS -exclude .svn -exclude .git -exclude .hg -strip-unsigned-binaries -strip-deterministic -strip-tool /Applications/Xcode.app/Contents/Developer/Toolchains/XcodeDefault.xctoolchain/usr/bin/strip -resolve-src-symlinks -rename /Users/nikhilreddy/Documents/Voice2Txt/VoiceInk/VoiceForge/build/Build/Intermediates.noindex/KeyboardShortcuts.build/Release/KeyboardShortcuts.build/Objects-normal/x86_64/KeyboardShortcuts.swiftsourceinfo /Users/nikhilreddy/Documents/Voice2Txt/VoiceInk/VoiceForge/build/Build/Products/Release/KeyboardShortcuts.swiftmodule/Project/x86_64-apple-macos.swiftsourceinfo

Copy /Users/nikhilreddy/Documents/Voice2Txt/VoiceInk/VoiceForge/build/Build/Products/Release/KeyboardShortcuts.swiftmodule/Project/arm64-apple-macos.swiftsourceinfo /Users/nikhilreddy/Documents/Voice2Txt/VoiceInk/VoiceForge/build/Build/Intermediates.noindex/KeyboardShortcuts.build/Release/KeyboardShortcuts.build/Objects-normal/arm64/KeyboardShortcuts.swiftsourceinfo (in target 'KeyboardShortcuts' from project 'KeyboardShortcuts')
    cd /Users/nikhilreddy/Documents/Voice2Txt/VoiceInk/VoiceForge/build/SourcePackages/checkouts/KeyboardShortcuts
    builtin-copy -exclude .DS_Store -exclude CVS -exclude .svn -exclude .git -exclude .hg -strip-unsigned-binaries -strip-deterministic -strip-tool /Applications/Xcode.app/Contents/Developer/Toolchains/XcodeDefault.xctoolchain/usr/bin/strip -resolve-src-symlinks -rename /Users/nikhilreddy/Documents/Voice2Txt/VoiceInk/VoiceForge/build/Build/Intermediates.noindex/KeyboardShortcuts.build/Release/KeyboardShortcuts.build/Objects-normal/arm64/KeyboardShortcuts.swiftsourceinfo /Users/nikhilreddy/Documents/Voice2Txt/VoiceInk/VoiceForge/build/Build/Products/Release/KeyboardShortcuts.swiftmodule/Project/arm64-apple-macos.swiftsourceinfo

Ld /Users/nikhilreddy/Documents/Voice2Txt/VoiceInk/VoiceForge/build/Build/Intermediates.noindex/KeyboardShortcuts.build/Release/KeyboardShortcuts.build/Objects-normal/arm64/Binary/KeyboardShortcuts.o normal arm64 (in target 'KeyboardShortcuts' from project 'KeyboardShortcuts')
    cd /Users/nikhilreddy/Documents/Voice2Txt/VoiceInk/VoiceForge/build/SourcePackages/checkouts/KeyboardShortcuts
    /Applications/Xcode.app/Contents/Developer/Toolchains/XcodeDefault.xctoolchain/usr/bin/clang -Xlinker -reproducible -target arm64-apple-macos10.15 -r -isysroot /Applications/Xcode.app/Contents/Developer/Platforms/MacOSX.platform/Developer/SDKs/MacOSX15.2.sdk -Os -w -L/Users/nikhilreddy/Documents/Voice2Txt/VoiceInk/VoiceForge/build/Build/Intermediates.noindex/EagerLinkingTBDs/Release -L/Users/nikhilreddy/Documents/Voice2Txt/VoiceInk/VoiceForge/build/Build/Products/Release -L/Applications/Xcode.app/Contents/Developer/Platforms/MacOSX.platform/Developer/usr/lib -F/Users/nikhilreddy/Documents/Voice2Txt/VoiceInk/VoiceForge/build/Build/Intermediates.noindex/EagerLinkingTBDs/Release -F/Users/nikhilreddy/Documents/Voice2Txt/VoiceInk/VoiceForge/build/Build/Products/Release -iframework /Applications/Xcode.app/Contents/Developer/Platforms/MacOSX.platform/Developer/Library/Frameworks -filelist /Users/nikhilreddy/Documents/Voice2Txt/VoiceInk/VoiceForge/build/Build/Intermediates.noindex/KeyboardShortcuts.build/Release/KeyboardShortcuts.build/Objects-normal/arm64/KeyboardShortcuts.LinkFileList -nostdlib -Xlinker -object_path_lto -Xlinker /Users/nikhilreddy/Documents/Voice2Txt/VoiceInk/VoiceForge/build/Build/Intermediates.noindex/KeyboardShortcuts.build/Release/KeyboardShortcuts.build/Objects-normal/arm64/KeyboardShortcuts_lto.o -Xlinker -debug_variant -fobjc-link-runtime -L/Applications/Xcode.app/Contents/Developer/Toolchains/XcodeDefault.xctoolchain/usr/lib/swift/macosx -L/usr/lib/swift -Xlinker -add_ast_path -Xlinker /Users/nikhilreddy/Documents/Voice2Txt/VoiceInk/VoiceForge/build/Build/Intermediates.noindex/KeyboardShortcuts.build/Release/KeyboardShortcuts.build/Objects-normal/arm64/KeyboardShortcuts.swiftmodule -Xlinker -dependency_info -Xlinker /Users/nikhilreddy/Documents/Voice2Txt/VoiceInk/VoiceForge/build/Build/Intermediates.noindex/KeyboardShortcuts.build/Release/KeyboardShortcuts.build/Objects-normal/arm64/KeyboardShortcuts_dependency_info.dat -o /Users/nikhilreddy/Documents/Voice2Txt/VoiceInk/VoiceForge/build/Build/Intermediates.noindex/KeyboardShortcuts.build/Release/KeyboardShortcuts.build/Objects-normal/arm64/Binary/KeyboardShortcuts.o

Ld /Users/nikhilreddy/Documents/Voice2Txt/VoiceInk/VoiceForge/build/Build/Intermediates.noindex/KeyboardShortcuts.build/Release/KeyboardShortcuts.build/Objects-normal/x86_64/Binary/KeyboardShortcuts.o normal x86_64 (in target 'KeyboardShortcuts' from project 'KeyboardShortcuts')
    cd /Users/nikhilreddy/Documents/Voice2Txt/VoiceInk/VoiceForge/build/SourcePackages/checkouts/KeyboardShortcuts
    /Applications/Xcode.app/Contents/Developer/Toolchains/XcodeDefault.xctoolchain/usr/bin/clang -Xlinker -reproducible -target x86_64-apple-macos10.15 -r -isysroot /Applications/Xcode.app/Contents/Developer/Platforms/MacOSX.platform/Developer/SDKs/MacOSX15.2.sdk -Os -w -L/Users/nikhilreddy/Documents/Voice2Txt/VoiceInk/VoiceForge/build/Build/Intermediates.noindex/EagerLinkingTBDs/Release -L/Users/nikhilreddy/Documents/Voice2Txt/VoiceInk/VoiceForge/build/Build/Products/Release -L/Applications/Xcode.app/Contents/Developer/Platforms/MacOSX.platform/Developer/usr/lib -F/Users/nikhilreddy/Documents/Voice2Txt/VoiceInk/VoiceForge/build/Build/Intermediates.noindex/EagerLinkingTBDs/Release -F/Users/nikhilreddy/Documents/Voice2Txt/VoiceInk/VoiceForge/build/Build/Products/Release -iframework /Applications/Xcode.app/Contents/Developer/Platforms/MacOSX.platform/Developer/Library/Frameworks -filelist /Users/nikhilreddy/Documents/Voice2Txt/VoiceInk/VoiceForge/build/Build/Intermediates.noindex/KeyboardShortcuts.build/Release/KeyboardShortcuts.build/Objects-normal/x86_64/KeyboardShortcuts.LinkFileList -nostdlib -Xlinker -object_path_lto -Xlinker /Users/nikhilreddy/Documents/Voice2Txt/VoiceInk/VoiceForge/build/Build/Intermediates.noindex/KeyboardShortcuts.build/Release/KeyboardShortcuts.build/Objects-normal/x86_64/KeyboardShortcuts_lto.o -Xlinker -debug_variant -fobjc-link-runtime -L/Applications/Xcode.app/Contents/Developer/Toolchains/XcodeDefault.xctoolchain/usr/lib/swift/macosx -L/usr/lib/swift -Xlinker -add_ast_path -Xlinker /Users/nikhilreddy/Documents/Voice2Txt/VoiceInk/VoiceForge/build/Build/Intermediates.noindex/KeyboardShortcuts.build/Release/KeyboardShortcuts.build/Objects-normal/x86_64/KeyboardShortcuts.swiftmodule -Xlinker -dependency_info -Xlinker /Users/nikhilreddy/Documents/Voice2Txt/VoiceInk/VoiceForge/build/Build/Intermediates.noindex/KeyboardShortcuts.build/Release/KeyboardShortcuts.build/Objects-normal/x86_64/KeyboardShortcuts_dependency_info.dat -o /Users/nikhilreddy/Documents/Voice2Txt/VoiceInk/VoiceForge/build/Build/Intermediates.noindex/KeyboardShortcuts.build/Release/KeyboardShortcuts.build/Objects-normal/x86_64/Binary/KeyboardShortcuts.o

SwiftDriver VoiceForge normal arm64 com.apple.xcode.tools.swift.compiler (in target 'VoiceForge' from project 'VoiceForge')
    cd /Users/nikhilreddy/Documents/Voice2Txt/VoiceInk/VoiceForge
    builtin-SwiftDriver -- /Applications/Xcode.app/Contents/Developer/Toolchains/XcodeDefault.xctoolchain/usr/bin/swiftc -module-name VoiceForge -O -whole-module-optimization -enforce-exclusivity\=checked @/Users/nikhilreddy/Documents/Voice2Txt/VoiceInk/VoiceForge/build/Build/Intermediates.noindex/VoiceForge.build/Release/VoiceForge.build/Objects-normal/arm64/VoiceForge.SwiftFileList -enable-bare-slash-regex -enable-experimental-feature DebugDescriptionMacro -sdk /Applications/Xcode.app/Contents/Developer/Platforms/MacOSX.platform/Developer/SDKs/MacOSX15.2.sdk -target arm64-apple-macos14.0 -g -module-cache-path /Users/nikhilreddy/Documents/Voice2Txt/VoiceInk/VoiceForge/build/ModuleCache.noindex -Xfrontend -serialize-debugging-options -profile-coverage-mapping -profile-generate -swift-version 5 -I /Users/nikhilreddy/Documents/Voice2Txt/VoiceInk/VoiceForge/build/Build/Products/Release -F /Users/nikhilreddy/Documents/Voice2Txt/VoiceInk/VoiceForge/build/Build/Products/Release/PackageFrameworks -F /Users/nikhilreddy/Documents/Voice2Txt/VoiceInk/VoiceForge/build/Build/Products/Release -F VoiceForge/Frameworks -emit-localized-strings -emit-localized-strings-path /Users/nikhilreddy/Documents/Voice2Txt/VoiceInk/VoiceForge/build/Build/Intermediates.noindex/VoiceForge.build/Release/VoiceForge.build/Objects-normal/arm64 -c -num-threads 8 -Xcc -ivfsstatcache -Xcc /Users/nikhilreddy/Documents/Voice2Txt/VoiceInk/VoiceForge/build/SDKStatCaches.noindex/macosx15.2-24C94-1dd28740b163f220e3e9b9fd2a542f53.sdkstatcache -output-file-map /Users/nikhilreddy/Documents/Voice2Txt/VoiceInk/VoiceForge/build/Build/Intermediates.noindex/VoiceForge.build/Release/VoiceForge.build/Objects-normal/arm64/VoiceForge-OutputFileMap.json -use-frontend-parseable-output -save-temps -no-color-diagnostics -serialize-diagnostics -emit-dependencies -emit-module -emit-module-path /Users/nikhilreddy/Documents/Voice2Txt/VoiceInk/VoiceForge/build/Build/Intermediates.noindex/VoiceForge.build/Release/VoiceForge.build/Objects-normal/arm64/VoiceForge.swiftmodule -validate-clang-modules-once -clang-build-session-file /Users/nikhilreddy/Documents/Voice2Txt/VoiceInk/VoiceForge/build/ModuleCache.noindex/Session.modulevalidation -Xcc -I/Users/nikhilreddy/Documents/Voice2Txt/VoiceInk/VoiceForge/build/Build/Intermediates.noindex/VoiceForge.build/Release/VoiceForge.build/swift-overrides.hmap -emit-const-values -Xfrontend -const-gather-protocols-file -Xfrontend /Users/nikhilreddy/Documents/Voice2Txt/VoiceInk/VoiceForge/build/Build/Intermediates.noindex/VoiceForge.build/Release/VoiceForge.build/Objects-normal/arm64/VoiceForge_const_extract_protocols.json -Xcc -iquote -Xcc /Users/nikhilreddy/Documents/Voice2Txt/VoiceInk/VoiceForge/build/Build/Intermediates.noindex/VoiceForge.build/Release/VoiceForge.build/VoiceForge-generated-files.hmap -Xcc -I/Users/nikhilreddy/Documents/Voice2Txt/VoiceInk/VoiceForge/build/Build/Intermediates.noindex/VoiceForge.build/Release/VoiceForge.build/VoiceForge-own-target-headers.hmap -Xcc -I/Users/nikhilreddy/Documents/Voice2Txt/VoiceInk/VoiceForge/build/Build/Intermediates.noindex/VoiceForge.build/Release/VoiceForge.build/VoiceForge-all-non-framework-target-headers.hmap -Xcc -ivfsoverlay -Xcc /Users/nikhilreddy/Documents/Voice2Txt/VoiceInk/VoiceForge/build/Build/Intermediates.noindex/VoiceForge.build/Release/VoiceForge-72268df20f7cf1da32413e0eb8a958ab-VFS/all-product-headers.yaml -Xcc -iquote -Xcc /Users/nikhilreddy/Documents/Voice2Txt/VoiceInk/VoiceForge/build/Build/Intermediates.noindex/VoiceForge.build/Release/VoiceForge.build/VoiceForge-project-headers.hmap -Xcc -I/Users/nikhilreddy/Documents/Voice2Txt/VoiceInk/VoiceForge/build/Build/Products/Release/include -Xcc -I/Users/nikhilreddy/Documents/Voice2Txt/VoiceInk/VoiceForge/build/Build/Intermediates.noindex/VoiceForge.build/Release/VoiceForge.build/DerivedSources-normal/arm64 -Xcc -I/Users/nikhilreddy/Documents/Voice2Txt/VoiceInk/VoiceForge/build/Build/Intermediates.noindex/VoiceForge.build/Release/VoiceForge.build/DerivedSources/arm64 -Xcc -I/Users/nikhilreddy/Documents/Voice2Txt/VoiceInk/VoiceForge/build/Build/Intermediates.noindex/VoiceForge.build/Release/VoiceForge.build/DerivedSources -emit-objc-header -emit-objc-header-path /Users/nikhilreddy/Documents/Voice2Txt/VoiceInk/VoiceForge/build/Build/Intermediates.noindex/VoiceForge.build/Release/VoiceForge.build/Objects-normal/arm64/VoiceForge-Swift.h -working-directory /Users/nikhilreddy/Documents/Voice2Txt/VoiceInk/VoiceForge -no-emit-module-separately-wmo

SwiftDriver VoiceForge normal x86_64 com.apple.xcode.tools.swift.compiler (in target 'VoiceForge' from project 'VoiceForge')
    cd /Users/nikhilreddy/Documents/Voice2Txt/VoiceInk/VoiceForge
    builtin-SwiftDriver -- /Applications/Xcode.app/Contents/Developer/Toolchains/XcodeDefault.xctoolchain/usr/bin/swiftc -module-name VoiceForge -O -whole-module-optimization -enforce-exclusivity\=checked @/Users/nikhilreddy/Documents/Voice2Txt/VoiceInk/VoiceForge/build/Build/Intermediates.noindex/VoiceForge.build/Release/VoiceForge.build/Objects-normal/x86_64/VoiceForge.SwiftFileList -enable-bare-slash-regex -enable-experimental-feature DebugDescriptionMacro -sdk /Applications/Xcode.app/Contents/Developer/Platforms/MacOSX.platform/Developer/SDKs/MacOSX15.2.sdk -target x86_64-apple-macos14.0 -g -module-cache-path /Users/nikhilreddy/Documents/Voice2Txt/VoiceInk/VoiceForge/build/ModuleCache.noindex -Xfrontend -serialize-debugging-options -profile-coverage-mapping -profile-generate -swift-version 5 -I /Users/nikhilreddy/Documents/Voice2Txt/VoiceInk/VoiceForge/build/Build/Products/Release -F /Users/nikhilreddy/Documents/Voice2Txt/VoiceInk/VoiceForge/build/Build/Products/Release/PackageFrameworks -F /Users/nikhilreddy/Documents/Voice2Txt/VoiceInk/VoiceForge/build/Build/Products/Release -F VoiceForge/Frameworks -emit-localized-strings -emit-localized-strings-path /Users/nikhilreddy/Documents/Voice2Txt/VoiceInk/VoiceForge/build/Build/Intermediates.noindex/VoiceForge.build/Release/VoiceForge.build/Objects-normal/x86_64 -c -num-threads 8 -Xcc -ivfsstatcache -Xcc /Users/nikhilreddy/Documents/Voice2Txt/VoiceInk/VoiceForge/build/SDKStatCaches.noindex/macosx15.2-24C94-1dd28740b163f220e3e9b9fd2a542f53.sdkstatcache -output-file-map /Users/nikhilreddy/Documents/Voice2Txt/VoiceInk/VoiceForge/build/Build/Intermediates.noindex/VoiceForge.build/Release/VoiceForge.build/Objects-normal/x86_64/VoiceForge-OutputFileMap.json -use-frontend-parseable-output -save-temps -no-color-diagnostics -serialize-diagnostics -emit-dependencies -emit-module -emit-module-path /Users/nikhilreddy/Documents/Voice2Txt/VoiceInk/VoiceForge/build/Build/Intermediates.noindex/VoiceForge.build/Release/VoiceForge.build/Objects-normal/x86_64/VoiceForge.swiftmodule -validate-clang-modules-once -clang-build-session-file /Users/nikhilreddy/Documents/Voice2Txt/VoiceInk/VoiceForge/build/ModuleCache.noindex/Session.modulevalidation -Xcc -I/Users/nikhilreddy/Documents/Voice2Txt/VoiceInk/VoiceForge/build/Build/Intermediates.noindex/VoiceForge.build/Release/VoiceForge.build/swift-overrides.hmap -emit-const-values -Xfrontend -const-gather-protocols-file -Xfrontend /Users/nikhilreddy/Documents/Voice2Txt/VoiceInk/VoiceForge/build/Build/Intermediates.noindex/VoiceForge.build/Release/VoiceForge.build/Objects-normal/x86_64/VoiceForge_const_extract_protocols.json -Xcc -iquote -Xcc /Users/nikhilreddy/Documents/Voice2Txt/VoiceInk/VoiceForge/build/Build/Intermediates.noindex/VoiceForge.build/Release/VoiceForge.build/VoiceForge-generated-files.hmap -Xcc -I/Users/nikhilreddy/Documents/Voice2Txt/VoiceInk/VoiceForge/build/Build/Intermediates.noindex/VoiceForge.build/Release/VoiceForge.build/VoiceForge-own-target-headers.hmap -Xcc -I/Users/nikhilreddy/Documents/Voice2Txt/VoiceInk/VoiceForge/build/Build/Intermediates.noindex/VoiceForge.build/Release/VoiceForge.build/VoiceForge-all-non-framework-target-headers.hmap -Xcc -ivfsoverlay -Xcc /Users/nikhilreddy/Documents/Voice2Txt/VoiceInk/VoiceForge/build/Build/Intermediates.noindex/VoiceForge.build/Release/VoiceForge-72268df20f7cf1da32413e0eb8a958ab-VFS/all-product-headers.yaml -Xcc -iquote -Xcc /Users/nikhilreddy/Documents/Voice2Txt/VoiceInk/VoiceForge/build/Build/Intermediates.noindex/VoiceForge.build/Release/VoiceForge.build/VoiceForge-project-headers.hmap -Xcc -I/Users/nikhilreddy/Documents/Voice2Txt/VoiceInk/VoiceForge/build/Build/Products/Release/include -Xcc -I/Users/nikhilreddy/Documents/Voice2Txt/VoiceInk/VoiceForge/build/Build/Intermediates.noindex/VoiceForge.build/Release/VoiceForge.build/DerivedSources-normal/x86_64 -Xcc -I/Users/nikhilreddy/Documents/Voice2Txt/VoiceInk/VoiceForge/build/Build/Intermediates.noindex/VoiceForge.build/Release/VoiceForge.build/DerivedSources/x86_64 -Xcc -I/Users/nikhilreddy/Documents/Voice2Txt/VoiceInk/VoiceForge/build/Build/Intermediates.noindex/VoiceForge.build/Release/VoiceForge.build/DerivedSources -emit-objc-header -emit-objc-header-path /Users/nikhilreddy/Documents/Voice2Txt/VoiceInk/VoiceForge/build/Build/Intermediates.noindex/VoiceForge.build/Release/VoiceForge.build/Objects-normal/x86_64/VoiceForge-Swift.h -working-directory /Users/nikhilreddy/Documents/Voice2Txt/VoiceInk/VoiceForge -no-emit-module-separately-wmo

SwiftDriver\ Compilation VoiceForge normal x86_64 com.apple.xcode.tools.swift.compiler (in target 'VoiceForge' from project 'VoiceForge')
    cd /Users/nikhilreddy/Documents/Voice2Txt/VoiceInk/VoiceForge
    builtin-Swift-Compilation -- /Applications/Xcode.app/Contents/Developer/Toolchains/XcodeDefault.xctoolchain/usr/bin/swiftc -module-name VoiceForge -O -whole-module-optimization -enforce-exclusivity\=checked @/Users/nikhilreddy/Documents/Voice2Txt/VoiceInk/VoiceForge/build/Build/Intermediates.noindex/VoiceForge.build/Release/VoiceForge.build/Objects-normal/x86_64/VoiceForge.SwiftFileList -enable-bare-slash-regex -enable-experimental-feature DebugDescriptionMacro -sdk /Applications/Xcode.app/Contents/Developer/Platforms/MacOSX.platform/Developer/SDKs/MacOSX15.2.sdk -target x86_64-apple-macos14.0 -g -module-cache-path /Users/nikhilreddy/Documents/Voice2Txt/VoiceInk/VoiceForge/build/ModuleCache.noindex -Xfrontend -serialize-debugging-options -profile-coverage-mapping -profile-generate -swift-version 5 -I /Users/nikhilreddy/Documents/Voice2Txt/VoiceInk/VoiceForge/build/Build/Products/Release -F /Users/nikhilreddy/Documents/Voice2Txt/VoiceInk/VoiceForge/build/Build/Products/Release/PackageFrameworks -F /Users/nikhilreddy/Documents/Voice2Txt/VoiceInk/VoiceForge/build/Build/Products/Release -F VoiceForge/Frameworks -emit-localized-strings -emit-localized-strings-path /Users/nikhilreddy/Documents/Voice2Txt/VoiceInk/VoiceForge/build/Build/Intermediates.noindex/VoiceForge.build/Release/VoiceForge.build/Objects-normal/x86_64 -c -num-threads 8 -Xcc -ivfsstatcache -Xcc /Users/nikhilreddy/Documents/Voice2Txt/VoiceInk/VoiceForge/build/SDKStatCaches.noindex/macosx15.2-24C94-1dd28740b163f220e3e9b9fd2a542f53.sdkstatcache -output-file-map /Users/nikhilreddy/Documents/Voice2Txt/VoiceInk/VoiceForge/build/Build/Intermediates.noindex/VoiceForge.build/Release/VoiceForge.build/Objects-normal/x86_64/VoiceForge-OutputFileMap.json -use-frontend-parseable-output -save-temps -no-color-diagnostics -serialize-diagnostics -emit-dependencies -emit-module -emit-module-path /Users/nikhilreddy/Documents/Voice2Txt/VoiceInk/VoiceForge/build/Build/Intermediates.noindex/VoiceForge.build/Release/VoiceForge.build/Objects-normal/x86_64/VoiceForge.swiftmodule -validate-clang-modules-once -clang-build-session-file /Users/nikhilreddy/Documents/Voice2Txt/VoiceInk/VoiceForge/build/ModuleCache.noindex/Session.modulevalidation -Xcc -I/Users/nikhilreddy/Documents/Voice2Txt/VoiceInk/VoiceForge/build/Build/Intermediates.noindex/VoiceForge.build/Release/VoiceForge.build/swift-overrides.hmap -emit-const-values -Xfrontend -const-gather-protocols-file -Xfrontend /Users/nikhilreddy/Documents/Voice2Txt/VoiceInk/VoiceForge/build/Build/Intermediates.noindex/VoiceForge.build/Release/VoiceForge.build/Objects-normal/x86_64/VoiceForge_const_extract_protocols.json -Xcc -iquote -Xcc /Users/nikhilreddy/Documents/Voice2Txt/VoiceInk/VoiceForge/build/Build/Intermediates.noindex/VoiceForge.build/Release/VoiceForge.build/VoiceForge-generated-files.hmap -Xcc -I/Users/nikhilreddy/Documents/Voice2Txt/VoiceInk/VoiceForge/build/Build/Intermediates.noindex/VoiceForge.build/Release/VoiceForge.build/VoiceForge-own-target-headers.hmap -Xcc -I/Users/nikhilreddy/Documents/Voice2Txt/VoiceInk/VoiceForge/build/Build/Intermediates.noindex/VoiceForge.build/Release/VoiceForge.build/VoiceForge-all-non-framework-target-headers.hmap -Xcc -ivfsoverlay -Xcc /Users/nikhilreddy/Documents/Voice2Txt/VoiceInk/VoiceForge/build/Build/Intermediates.noindex/VoiceForge.build/Release/VoiceForge-72268df20f7cf1da32413e0eb8a958ab-VFS/all-product-headers.yaml -Xcc -iquote -Xcc /Users/nikhilreddy/Documents/Voice2Txt/VoiceInk/VoiceForge/build/Build/Intermediates.noindex/VoiceForge.build/Release/VoiceForge.build/VoiceForge-project-headers.hmap -Xcc -I/Users/nikhilreddy/Documents/Voice2Txt/VoiceInk/VoiceForge/build/Build/Products/Release/include -Xcc -I/Users/nikhilreddy/Documents/Voice2Txt/VoiceInk/VoiceForge/build/Build/Intermediates.noindex/VoiceForge.build/Release/VoiceForge.build/DerivedSources-normal/x86_64 -Xcc -I/Users/nikhilreddy/Documents/Voice2Txt/VoiceInk/VoiceForge/build/Build/Intermediates.noindex/VoiceForge.build/Release/VoiceForge.build/DerivedSources/x86_64 -Xcc -I/Users/nikhilreddy/Documents/Voice2Txt/VoiceInk/VoiceForge/build/Build/Intermediates.noindex/VoiceForge.build/Release/VoiceForge.build/DerivedSources -emit-objc-header -emit-objc-header-path /Users/nikhilreddy/Documents/Voice2Txt/VoiceInk/VoiceForge/build/Build/Intermediates.noindex/VoiceForge.build/Release/VoiceForge.build/Objects-normal/x86_64/VoiceForge-Swift.h -working-directory /Users/nikhilreddy/Documents/Voice2Txt/VoiceInk/VoiceForge -no-emit-module-separately-wmo

SwiftDriver\ Compilation VoiceForge normal arm64 com.apple.xcode.tools.swift.compiler (in target 'VoiceForge' from project 'VoiceForge')
    cd /Users/nikhilreddy/Documents/Voice2Txt/VoiceInk/VoiceForge
    builtin-Swift-Compilation -- /Applications/Xcode.app/Contents/Developer/Toolchains/XcodeDefault.xctoolchain/usr/bin/swiftc -module-name VoiceForge -O -whole-module-optimization -enforce-exclusivity\=checked @/Users/nikhilreddy/Documents/Voice2Txt/VoiceInk/VoiceForge/build/Build/Intermediates.noindex/VoiceForge.build/Release/VoiceForge.build/Objects-normal/arm64/VoiceForge.SwiftFileList -enable-bare-slash-regex -enable-experimental-feature DebugDescriptionMacro -sdk /Applications/Xcode.app/Contents/Developer/Platforms/MacOSX.platform/Developer/SDKs/MacOSX15.2.sdk -target arm64-apple-macos14.0 -g -module-cache-path /Users/nikhilreddy/Documents/Voice2Txt/VoiceInk/VoiceForge/build/ModuleCache.noindex -Xfrontend -serialize-debugging-options -profile-coverage-mapping -profile-generate -swift-version 5 -I /Users/nikhilreddy/Documents/Voice2Txt/VoiceInk/VoiceForge/build/Build/Products/Release -F /Users/nikhilreddy/Documents/Voice2Txt/VoiceInk/VoiceForge/build/Build/Products/Release/PackageFrameworks -F /Users/nikhilreddy/Documents/Voice2Txt/VoiceInk/VoiceForge/build/Build/Products/Release -F VoiceForge/Frameworks -emit-localized-strings -emit-localized-strings-path /Users/nikhilreddy/Documents/Voice2Txt/VoiceInk/VoiceForge/build/Build/Intermediates.noindex/VoiceForge.build/Release/VoiceForge.build/Objects-normal/arm64 -c -num-threads 8 -Xcc -ivfsstatcache -Xcc /Users/nikhilreddy/Documents/Voice2Txt/VoiceInk/VoiceForge/build/SDKStatCaches.noindex/macosx15.2-24C94-1dd28740b163f220e3e9b9fd2a542f53.sdkstatcache -output-file-map /Users/nikhilreddy/Documents/Voice2Txt/VoiceInk/VoiceForge/build/Build/Intermediates.noindex/VoiceForge.build/Release/VoiceForge.build/Objects-normal/arm64/VoiceForge-OutputFileMap.json -use-frontend-parseable-output -save-temps -no-color-diagnostics -serialize-diagnostics -emit-dependencies -emit-module -emit-module-path /Users/nikhilreddy/Documents/Voice2Txt/VoiceInk/VoiceForge/build/Build/Intermediates.noindex/VoiceForge.build/Release/VoiceForge.build/Objects-normal/arm64/VoiceForge.swiftmodule -validate-clang-modules-once -clang-build-session-file /Users/nikhilreddy/Documents/Voice2Txt/VoiceInk/VoiceForge/build/ModuleCache.noindex/Session.modulevalidation -Xcc -I/Users/nikhilreddy/Documents/Voice2Txt/VoiceInk/VoiceForge/build/Build/Intermediates.noindex/VoiceForge.build/Release/VoiceForge.build/swift-overrides.hmap -emit-const-values -Xfrontend -const-gather-protocols-file -Xfrontend /Users/nikhilreddy/Documents/Voice2Txt/VoiceInk/VoiceForge/build/Build/Intermediates.noindex/VoiceForge.build/Release/VoiceForge.build/Objects-normal/arm64/VoiceForge_const_extract_protocols.json -Xcc -iquote -Xcc /Users/nikhilreddy/Documents/Voice2Txt/VoiceInk/VoiceForge/build/Build/Intermediates.noindex/VoiceForge.build/Release/VoiceForge.build/VoiceForge-generated-files.hmap -Xcc -I/Users/nikhilreddy/Documents/Voice2Txt/VoiceInk/VoiceForge/build/Build/Intermediates.noindex/VoiceForge.build/Release/VoiceForge.build/VoiceForge-own-target-headers.hmap -Xcc -I/Users/nikhilreddy/Documents/Voice2Txt/VoiceInk/VoiceForge/build/Build/Intermediates.noindex/VoiceForge.build/Release/VoiceForge.build/VoiceForge-all-non-framework-target-headers.hmap -Xcc -ivfsoverlay -Xcc /Users/nikhilreddy/Documents/Voice2Txt/VoiceInk/VoiceForge/build/Build/Intermediates.noindex/VoiceForge.build/Release/VoiceForge-72268df20f7cf1da32413e0eb8a958ab-VFS/all-product-headers.yaml -Xcc -iquote -Xcc /Users/nikhilreddy/Documents/Voice2Txt/VoiceInk/VoiceForge/build/Build/Intermediates.noindex/VoiceForge.build/Release/VoiceForge.build/VoiceForge-project-headers.hmap -Xcc -I/Users/nikhilreddy/Documents/Voice2Txt/VoiceInk/VoiceForge/build/Build/Products/Release/include -Xcc -I/Users/nikhilreddy/Documents/Voice2Txt/VoiceInk/VoiceForge/build/Build/Intermediates.noindex/VoiceForge.build/Release/VoiceForge.build/DerivedSources-normal/arm64 -Xcc -I/Users/nikhilreddy/Documents/Voice2Txt/VoiceInk/VoiceForge/build/Build/Intermediates.noindex/VoiceForge.build/Release/VoiceForge.build/DerivedSources/arm64 -Xcc -I/Users/nikhilreddy/Documents/Voice2Txt/VoiceInk/VoiceForge/build/Build/Intermediates.noindex/VoiceForge.build/Release/VoiceForge.build/DerivedSources -emit-objc-header -emit-objc-header-path /Users/nikhilreddy/Documents/Voice2Txt/VoiceInk/VoiceForge/build/Build/Intermediates.noindex/VoiceForge.build/Release/VoiceForge.build/Objects-normal/arm64/VoiceForge-Swift.h -working-directory /Users/nikhilreddy/Documents/Voice2Txt/VoiceInk/VoiceForge -no-emit-module-separately-wmo

SwiftCompile normal arm64 Compiling\ AIEnhancementPipeline.swift,\ AppCoordinator.swift,\ AudioPipelineManager.swift,\ CloudTranscriptionEngine.swift,\ ContentView.swift,\ ContextEngine.swift,\ DependencyContainer.swift,\ HotkeyEngine.swift,\ LocalTranscriptionEngine.swift,\ NotificationManager.swift,\ OnboardingView.swift,\ SecureStorage.swift,\ TranscriptionHistoryManager.swift,\ TranscriptionModels.swift,\ TranscriptionOrchestrator.swift,\ UniversalRecorderView.swift,\ UtilityServices.swift,\ VocabularyManager.swift,\ VoiceActivityDetector.swift,\ VoiceForgeApp.swift /Users/nikhilreddy/Documents/Voice2Txt/VoiceInk/VoiceForge/VoiceForge/AI/AIEnhancementPipeline.swift /Users/nikhilreddy/Documents/Voice2Txt/VoiceInk/VoiceForge/VoiceForge/App/AppCoordinator.swift /Users/nikhilreddy/Documents/Voice2Txt/VoiceInk/VoiceForge/VoiceForge/Audio/AudioPipelineManager.swift /Users/nikhilreddy/Documents/Voice2Txt/VoiceInk/VoiceForge/VoiceForge/Transcription/Cloud/CloudTranscriptionEngine.swift /Users/nikhilreddy/Documents/Voice2Txt/VoiceInk/VoiceForge/VoiceForge/Views/ContentView.swift /Users/nikhilreddy/Documents/Voice2Txt/VoiceInk/VoiceForge/VoiceForge/Context/ContextEngine.swift /Users/nikhilreddy/Documents/Voice2Txt/VoiceInk/VoiceForge/VoiceForge/App/DependencyContainer.swift /Users/nikhilreddy/Documents/Voice2Txt/VoiceInk/VoiceForge/VoiceForge/Input/HotkeyEngine.swift /Users/nikhilreddy/Documents/Voice2Txt/VoiceInk/VoiceForge/VoiceForge/Transcription/Local/LocalTranscriptionEngine.swift /Users/nikhilreddy/Documents/Voice2Txt/VoiceInk/VoiceForge/VoiceForge/Notifications/NotificationManager.swift /Users/nikhilreddy/Documents/Voice2Txt/VoiceInk/VoiceForge/VoiceForge/Views/Onboarding/OnboardingView.swift /Users/nikhilreddy/Documents/Voice2Txt/VoiceInk/VoiceForge/VoiceForge/Security/SecureStorage.swift /Users/nikhilreddy/Documents/Voice2Txt/VoiceInk/VoiceForge/VoiceForge/History/TranscriptionHistoryManager.swift /Users/nikhilreddy/Documents/Voice2Txt/VoiceInk/VoiceForge/VoiceForge/Core/Models/TranscriptionModels.swift /Users/nikhilreddy/Documents/Voice2Txt/VoiceInk/VoiceForge/VoiceForge/Transcription/TranscriptionOrchestrator.swift /Users/nikhilreddy/Documents/Voice2Txt/VoiceInk/VoiceForge/VoiceForge/Views/Recorder/UniversalRecorderView.swift /Users/nikhilreddy/Documents/Voice2Txt/VoiceInk/VoiceForge/VoiceForge/Core/Services/UtilityServices.swift /Users/nikhilreddy/Documents/Voice2Txt/VoiceInk/VoiceForge/VoiceForge/Dictionary/VocabularyManager.swift /Users/nikhilreddy/Documents/Voice2Txt/VoiceInk/VoiceForge/VoiceForge/Audio/VoiceActivityDetector.swift /Users/nikhilreddy/Documents/Voice2Txt/VoiceInk/VoiceForge/VoiceForge/App/VoiceForgeApp.swift (in target 'VoiceForge' from project 'VoiceForge')
    cd /Users/nikhilreddy/Documents/Voice2Txt/VoiceInk/VoiceForge
    builtin-swiftTaskExecution -- /Applications/Xcode.app/Contents/Developer/Toolchains/XcodeDefault.xctoolchain/usr/bin/swift-frontend -frontend -c /Users/nikhilreddy/Documents/Voice2Txt/VoiceInk/VoiceForge/VoiceForge/AI/AIEnhancementPipeline.swift /Users/nikhilreddy/Documents/Voice2Txt/VoiceInk/VoiceForge/VoiceForge/App/AppCoordinator.swift /Users/nikhilreddy/Documents/Voice2Txt/VoiceInk/VoiceForge/VoiceForge/Audio/AudioPipelineManager.swift /Users/nikhilreddy/Documents/Voice2Txt/VoiceInk/VoiceForge/VoiceForge/Transcription/Cloud/CloudTranscriptionEngine.swift /Users/nikhilreddy/Documents/Voice2Txt/VoiceInk/VoiceForge/VoiceForge/Views/ContentView.swift /Users/nikhilreddy/Documents/Voice2Txt/VoiceInk/VoiceForge/VoiceForge/Context/ContextEngine.swift /Users/nikhilreddy/Documents/Voice2Txt/VoiceInk/VoiceForge/VoiceForge/App/DependencyContainer.swift /Users/nikhilreddy/Documents/Voice2Txt/VoiceInk/VoiceForge/VoiceForge/Input/HotkeyEngine.swift /Users/nikhilreddy/Documents/Voice2Txt/VoiceInk/VoiceForge/VoiceForge/Transcription/Local/LocalTranscriptionEngine.swift /Users/nikhilreddy/Documents/Voice2Txt/VoiceInk/VoiceForge/VoiceForge/Notifications/NotificationManager.swift /Users/nikhilreddy/Documents/Voice2Txt/VoiceInk/VoiceForge/VoiceForge/Views/Onboarding/OnboardingView.swift /Users/nikhilreddy/Documents/Voice2Txt/VoiceInk/VoiceForge/VoiceForge/Security/SecureStorage.swift /Users/nikhilreddy/Documents/Voice2Txt/VoiceInk/VoiceForge/VoiceForge/History/TranscriptionHistoryManager.swift /Users/nikhilreddy/Documents/Voice2Txt/VoiceInk/VoiceForge/VoiceForge/Core/Models/TranscriptionModels.swift /Users/nikhilreddy/Documents/Voice2Txt/VoiceInk/VoiceForge/VoiceForge/Transcription/TranscriptionOrchestrator.swift /Users/nikhilreddy/Documents/Voice2Txt/VoiceInk/VoiceForge/VoiceForge/Views/Recorder/UniversalRecorderView.swift /Users/nikhilreddy/Documents/Voice2Txt/VoiceInk/VoiceForge/VoiceForge/Core/Services/UtilityServices.swift /Users/nikhilreddy/Documents/Voice2Txt/VoiceInk/VoiceForge/VoiceForge/Dictionary/VocabularyManager.swift /Users/nikhilreddy/Documents/Voice2Txt/VoiceInk/VoiceForge/VoiceForge/Audio/VoiceActivityDetector.swift /Users/nikhilreddy/Documents/Voice2Txt/VoiceInk/VoiceForge/VoiceForge/App/VoiceForgeApp.swift -supplementary-output-file-map /Users/nikhilreddy/Documents/Voice2Txt/VoiceInk/VoiceForge/build/Build/Intermediates.noindex/VoiceForge.build/Release/VoiceForge.build/Objects-normal/arm64/supplementaryOutputs-3 -emit-localized-strings -emit-localized-strings-path /Users/nikhilreddy/Documents/Voice2Txt/VoiceInk/VoiceForge/build/Build/Intermediates.noindex/VoiceForge.build/Release/VoiceForge.build/Objects-normal/arm64 -target arm64-apple-macos14.0 -Xllvm -aarch64-use-tbi -enable-objc-interop -stack-check -sdk /Applications/Xcode.app/Contents/Developer/Platforms/MacOSX.platform/Developer/SDKs/MacOSX15.2.sdk -I /Users/nikhilreddy/Documents/Voice2Txt/VoiceInk/VoiceForge/build/Build/Products/Release -F /Users/nikhilreddy/Documents/Voice2Txt/VoiceInk/VoiceForge/build/Build/Products/Release/PackageFrameworks -F /Users/nikhilreddy/Documents/Voice2Txt/VoiceInk/VoiceForge/build/Build/Products/Release -F /Users/nikhilreddy/Documents/Voice2Txt/VoiceInk/VoiceForge/VoiceForge/Frameworks -no-color-diagnostics -g -debug-info-format\=dwarf -dwarf-version\=4 -module-cache-path /Users/nikhilreddy/Documents/Voice2Txt/VoiceInk/VoiceForge/build/ModuleCache.noindex -profile-generate -profile-coverage-mapping -swift-version 5 -enforce-exclusivity\=checked -O -serialize-debugging-options -const-gather-protocols-file /Users/nikhilreddy/Documents/Voice2Txt/VoiceInk/VoiceForge/build/Build/Intermediates.noindex/VoiceForge.build/Release/VoiceForge.build/Objects-normal/arm64/VoiceForge_const_extract_protocols.json -enable-experimental-feature DebugDescriptionMacro -enable-bare-slash-regex -empty-abi-descriptor -validate-clang-modules-once -clang-build-session-file /Users/nikhilreddy/Documents/Voice2Txt/VoiceInk/VoiceForge/build/ModuleCache.noindex/Session.modulevalidation -Xcc -working-directory -Xcc /Users/nikhilreddy/Documents/Voice2Txt/VoiceInk/VoiceForge -resource-dir /Applications/Xcode.app/Contents/Developer/Toolchains/XcodeDefault.xctoolchain/usr/lib/swift -file-compilation-dir /Users/nikhilreddy/Documents/Voice2Txt/VoiceInk/VoiceForge -Xcc -ivfsstatcache -Xcc /Users/nikhilreddy/Documents/Voice2Txt/VoiceInk/VoiceForge/build/SDKStatCaches.noindex/macosx15.2-24C94-1dd28740b163f220e3e9b9fd2a542f53.sdkstatcache -Xcc -I/Users/nikhilreddy/Documents/Voice2Txt/VoiceInk/VoiceForge/build/Build/Intermediates.noindex/VoiceForge.build/Release/VoiceForge.build/swift-overrides.hmap -Xcc -iquote -Xcc /Users/nikhilreddy/Documents/Voice2Txt/VoiceInk/VoiceForge/build/Build/Intermediates.noindex/VoiceForge.build/Release/VoiceForge.build/VoiceForge-generated-files.hmap -Xcc -I/Users/nikhilreddy/Documents/Voice2Txt/VoiceInk/VoiceForge/build/Build/Intermediates.noindex/VoiceForge.build/Release/VoiceForge.build/VoiceForge-own-target-headers.hmap -Xcc -I/Users/nikhilreddy/Documents/Voice2Txt/VoiceInk/VoiceForge/build/Build/Intermediates.noindex/VoiceForge.build/Release/VoiceForge.build/VoiceForge-all-non-framework-target-headers.hmap -Xcc -ivfsoverlay -Xcc /Users/nikhilreddy/Documents/Voice2Txt/VoiceInk/VoiceForge/build/Build/Intermediates.noindex/VoiceForge.build/Release/VoiceForge-72268df20f7cf1da32413e0eb8a958ab-VFS/all-product-headers.yaml -Xcc -iquote -Xcc /Users/nikhilreddy/Documents/Voice2Txt/VoiceInk/VoiceForge/build/Build/Intermediates.noindex/VoiceForge.build/Release/VoiceForge.build/VoiceForge-project-headers.hmap -Xcc -I/Users/nikhilreddy/Documents/Voice2Txt/VoiceInk/VoiceForge/build/Build/Products/Release/include -Xcc -I/Users/nikhilreddy/Documents/Voice2Txt/VoiceInk/VoiceForge/build/Build/Intermediates.noindex/VoiceForge.build/Release/VoiceForge.build/DerivedSources-normal/arm64 -Xcc -I/Users/nikhilreddy/Documents/Voice2Txt/VoiceInk/VoiceForge/build/Build/Intermediates.noindex/VoiceForge.build/Release/VoiceForge.build/DerivedSources/arm64 -Xcc -I/Users/nikhilreddy/Documents/Voice2Txt/VoiceInk/VoiceForge/build/Build/Intermediates.noindex/VoiceForge.build/Release/VoiceForge.build/DerivedSources -module-name VoiceForge -frontend-parseable-output -disable-clang-spi -target-sdk-version 15.2 -target-sdk-name macosx15.2 -external-plugin-path /Applications/Xcode.app/Contents/Developer/Platforms/MacOSX.platform/Developer/usr/lib/swift/host/plugins\#/Applications/Xcode.app/Contents/Developer/Platforms/MacOSX.platform/Developer/usr/bin/swift-plugin-server -external-plugin-path /Applications/Xcode.app/Contents/Developer/Platforms/MacOSX.platform/Developer/usr/local/lib/swift/host/plugins\#/Applications/Xcode.app/Contents/Developer/Platforms/MacOSX.platform/Developer/usr/bin/swift-plugin-server -plugin-path /Applications/Xcode.app/Contents/Developer/Toolchains/XcodeDefault.xctoolchain/usr/lib/swift/host/plugins -plugin-path /Applications/Xcode.app/Contents/Developer/Toolchains/XcodeDefault.xctoolchain/usr/local/lib/swift/host/plugins -enable-default-cmo -num-threads 8 -o /Users/nikhilreddy/Documents/Voice2Txt/VoiceInk/VoiceForge/build/Build/Intermediates.noindex/VoiceForge.build/Release/VoiceForge.build/Objects-normal/arm64/AIEnhancementPipeline.o -o /Users/nikhilreddy/Documents/Voice2Txt/VoiceInk/VoiceForge/build/Build/Intermediates.noindex/VoiceForge.build/Release/VoiceForge.build/Objects-normal/arm64/AppCoordinator.o -o /Users/nikhilreddy/Documents/Voice2Txt/VoiceInk/VoiceForge/build/Build/Intermediates.noindex/VoiceForge.build/Release/VoiceForge.build/Objects-normal/arm64/AudioPipelineManager.o -o /Users/nikhilreddy/Documents/Voice2Txt/VoiceInk/VoiceForge/build/Build/Intermediates.noindex/VoiceForge.build/Release/VoiceForge.build/Objects-normal/arm64/CloudTranscriptionEngine.o -o /Users/nikhilreddy/Documents/Voice2Txt/VoiceInk/VoiceForge/build/Build/Intermediates.noindex/VoiceForge.build/Release/VoiceForge.build/Objects-normal/arm64/ContentView.o -o /Users/nikhilreddy/Documents/Voice2Txt/VoiceInk/VoiceForge/build/Build/Intermediates.noindex/VoiceForge.build/Release/VoiceForge.build/Objects-normal/arm64/ContextEngine.o -o /Users/nikhilreddy/Documents/Voice2Txt/VoiceInk/VoiceForge/build/Build/Intermediates.noindex/VoiceForge.build/Release/VoiceForge.build/Objects-normal/arm64/DependencyContainer.o -o /Users/nikhilreddy/Documents/Voice2Txt/VoiceInk/VoiceForge/build/Build/Intermediates.noindex/VoiceForge.build/Release/VoiceForge.build/Objects-normal/arm64/HotkeyEngine.o -o /Users/nikhilreddy/Documents/Voice2Txt/VoiceInk/VoiceForge/build/Build/Intermediates.noindex/VoiceForge.build/Release/VoiceForge.build/Objects-normal/arm64/LocalTranscriptionEngine.o -o /Users/nikhilreddy/Documents/Voice2Txt/VoiceInk/VoiceForge/build/Build/Intermediates.noindex/VoiceForge.build/Release/VoiceForge.build/Objects-normal/arm64/NotificationManager.o -o /Users/nikhilreddy/Documents/Voice2Txt/VoiceInk/VoiceForge/build/Build/Intermediates.noindex/VoiceForge.build/Release/VoiceForge.build/Objects-normal/arm64/OnboardingView.o -o /Users/nikhilreddy/Documents/Voice2Txt/VoiceInk/VoiceForge/build/Build/Intermediates.noindex/VoiceForge.build/Release/VoiceForge.build/Objects-normal/arm64/SecureStorage.o -o /Users/nikhilreddy/Documents/Voice2Txt/VoiceInk/VoiceForge/build/Build/Intermediates.noindex/VoiceForge.build/Release/VoiceForge.build/Objects-normal/arm64/TranscriptionHistoryManager.o -o /Users/nikhilreddy/Documents/Voice2Txt/VoiceInk/VoiceForge/build/Build/Intermediates.noindex/VoiceForge.build/Release/VoiceForge.build/Objects-normal/arm64/TranscriptionModels.o -o /Users/nikhilreddy/Documents/Voice2Txt/VoiceInk/VoiceForge/build/Build/Intermediates.noindex/VoiceForge.build/Release/VoiceForge.build/Objects-normal/arm64/TranscriptionOrchestrator.o -o /Users/nikhilreddy/Documents/Voice2Txt/VoiceInk/VoiceForge/build/Build/Intermediates.noindex/VoiceForge.build/Release/VoiceForge.build/Objects-normal/arm64/UniversalRecorderView.o -o /Users/nikhilreddy/Documents/Voice2Txt/VoiceInk/VoiceForge/build/Build/Intermediates.noindex/VoiceForge.build/Release/VoiceForge.build/Objects-normal/arm64/UtilityServices.o -o /Users/nikhilreddy/Documents/Voice2Txt/VoiceInk/VoiceForge/build/Build/Intermediates.noindex/VoiceForge.build/Release/VoiceForge.build/Objects-normal/arm64/VocabularyManager.o -o /Users/nikhilreddy/Documents/Voice2Txt/VoiceInk/VoiceForge/build/Build/Intermediates.noindex/VoiceForge.build/Release/VoiceForge.build/Objects-normal/arm64/VoiceActivityDetector.o -o /Users/nikhilreddy/Documents/Voice2Txt/VoiceInk/VoiceForge/build/Build/Intermediates.noindex/VoiceForge.build/Release/VoiceForge.build/Objects-normal/arm64/VoiceForgeApp.o -index-unit-output-path /VoiceForge.build/Release/VoiceForge.build/Objects-normal/arm64/AIEnhancementPipeline.o -index-unit-output-path /VoiceForge.build/Release/VoiceForge.build/Objects-normal/arm64/AppCoordinator.o -index-unit-output-path /VoiceForge.build/Release/VoiceForge.build/Objects-normal/arm64/AudioPipelineManager.o -index-unit-output-path /VoiceForge.build/Release/VoiceForge.build/Objects-normal/arm64/CloudTranscriptionEngine.o -index-unit-output-path /VoiceForge.build/Release/VoiceForge.build/Objects-normal/arm64/ContentView.o -index-unit-output-path /VoiceForge.build/Release/VoiceForge.build/Objects-normal/arm64/ContextEngine.o -index-unit-output-path /VoiceForge.build/Release/VoiceForge.build/Objects-normal/arm64/DependencyContainer.o -index-unit-output-path /VoiceForge.build/Release/VoiceForge.build/Objects-normal/arm64/HotkeyEngine.o -index-unit-output-path /VoiceForge.build/Release/VoiceForge.build/Objects-normal/arm64/LocalTranscriptionEngine.o -index-unit-output-path /VoiceForge.build/Release/VoiceForge.build/Objects-normal/arm64/NotificationManager.o -index-unit-output-path /VoiceForge.build/Release/VoiceForge.build/Objects-normal/arm64/OnboardingView.o -index-unit-output-path /VoiceForge.build/Release/VoiceForge.build/Objects-normal/arm64/SecureStorage.o -index-unit-output-path /VoiceForge.build/Release/VoiceForge.build/Objects-normal/arm64/TranscriptionHistoryManager.o -index-unit-output-path /VoiceForge.build/Release/VoiceForge.build/Objects-normal/arm64/TranscriptionModels.o -index-unit-output-path /VoiceForge.build/Release/VoiceForge.build/Objects-normal/arm64/TranscriptionOrchestrator.o -index-unit-output-path /VoiceForge.build/Release/VoiceForge.build/Objects-normal/arm64/UniversalRecorderView.o -index-unit-output-path /VoiceForge.build/Release/VoiceForge.build/Objects-normal/arm64/UtilityServices.o -index-unit-output-path /VoiceForge.build/Release/VoiceForge.build/Objects-normal/arm64/VocabularyManager.o -index-unit-output-path /VoiceForge.build/Release/VoiceForge.build/Objects-normal/arm64/VoiceActivityDetector.o -index-unit-output-path /VoiceForge.build/Release/VoiceForge.build/Objects-normal/arm64/VoiceForgeApp.o
CompileSwift normal arm64 (in target 'VoiceForge' from project 'VoiceForge')
    cd /Users/nikhilreddy/Documents/Voice2Txt/VoiceInk/VoiceForge
    /Applications/Xcode.app/Contents/Developer/Toolchains/XcodeDefault.xctoolchain/usr/bin/swift-frontend -c /Users/nikhilreddy/Documents/Voice2Txt/VoiceInk/VoiceForge/VoiceForge/AI/AIEnhancementPipeline.swift /Users/nikhilreddy/Documents/Voice2Txt/VoiceInk/VoiceForge/VoiceForge/App/AppCoordinator.swift /Users/nikhilreddy/Documents/Voice2Txt/VoiceInk/VoiceForge/VoiceForge/Audio/AudioPipelineManager.swift /Users/nikhilreddy/Documents/Voice2Txt/VoiceInk/VoiceForge/VoiceForge/Transcription/Cloud/CloudTranscriptionEngine.swift /Users/nikhilreddy/Documents/Voice2Txt/VoiceInk/VoiceForge/VoiceForge/Views/ContentView.swift /Users/nikhilreddy/Documents/Voice2Txt/VoiceInk/VoiceForge/VoiceForge/Context/ContextEngine.swift /Users/nikhilreddy/Documents/Voice2Txt/VoiceInk/VoiceForge/VoiceForge/App/DependencyContainer.swift /Users/nikhilreddy/Documents/Voice2Txt/VoiceInk/VoiceForge/VoiceForge/Input/HotkeyEngine.swift /Users/nikhilreddy/Documents/Voice2Txt/VoiceInk/VoiceForge/VoiceForge/Transcription/Local/LocalTranscriptionEngine.swift /Users/nikhilreddy/Documents/Voice2Txt/VoiceInk/VoiceForge/VoiceForge/Notifications/NotificationManager.swift /Users/nikhilreddy/Documents/Voice2Txt/VoiceInk/VoiceForge/VoiceForge/Views/Onboarding/OnboardingView.swift /Users/nikhilreddy/Documents/Voice2Txt/VoiceInk/VoiceForge/VoiceForge/Security/SecureStorage.swift /Users/nikhilreddy/Documents/Voice2Txt/VoiceInk/VoiceForge/VoiceForge/History/TranscriptionHistoryManager.swift /Users/nikhilreddy/Documents/Voice2Txt/VoiceInk/VoiceForge/VoiceForge/Core/Models/TranscriptionModels.swift /Users/nikhilreddy/Documents/Voice2Txt/VoiceInk/VoiceForge/VoiceForge/Transcription/TranscriptionOrchestrator.swift /Users/nikhilreddy/Documents/Voice2Txt/VoiceInk/VoiceForge/VoiceForge/Views/Recorder/UniversalRecorderView.swift /Users/nikhilreddy/Documents/Voice2Txt/VoiceInk/VoiceForge/VoiceForge/Core/Services/UtilityServices.swift /Users/nikhilreddy/Documents/Voice2Txt/VoiceInk/VoiceForge/VoiceForge/Dictionary/VocabularyManager.swift /Users/nikhilreddy/Documents/Voice2Txt/VoiceInk/VoiceForge/VoiceForge/Audio/VoiceActivityDetector.swift /Users/nikhilreddy/Documents/Voice2Txt/VoiceInk/VoiceForge/VoiceForge/App/VoiceForgeApp.swift -supplementary-output-file-map /Users/nikhilreddy/Documents/Voice2Txt/VoiceInk/VoiceForge/build/Build/Intermediates.noindex/VoiceForge.build/Release/VoiceForge.build/Objects-normal/arm64/supplementaryOutputs-3 -emit-localized-strings -emit-localized-strings-path /Users/nikhilreddy/Documents/Voice2Txt/VoiceInk/VoiceForge/build/Build/Intermediates.noindex/VoiceForge.build/Release/VoiceForge.build/Objects-normal/arm64 -target arm64-apple-macos14.0 -Xllvm -aarch64-use-tbi -enable-objc-interop -stack-check -sdk /Applications/Xcode.app/Contents/Developer/Platforms/MacOSX.platform/Developer/SDKs/MacOSX15.2.sdk -I /Users/nikhilreddy/Documents/Voice2Txt/VoiceInk/VoiceForge/build/Build/Products/Release -F /Users/nikhilreddy/Documents/Voice2Txt/VoiceInk/VoiceForge/build/Build/Products/Release/PackageFrameworks -F /Users/nikhilreddy/Documents/Voice2Txt/VoiceInk/VoiceForge/build/Build/Products/Release -F /Users/nikhilreddy/Documents/Voice2Txt/VoiceInk/VoiceForge/VoiceForge/Frameworks -no-color-diagnostics -g -debug-info-format\=dwarf -dwarf-version\=4 -module-cache-path /Users/nikhilreddy/Documents/Voice2Txt/VoiceInk/VoiceForge/build/ModuleCache.noindex -profile-generate -profile-coverage-mapping -swift-version 5 -enforce-exclusivity\=checked -O -serialize-debugging-options -const-gather-protocols-file /Users/nikhilreddy/Documents/Voice2Txt/VoiceInk/VoiceForge/build/Build/Intermediates.noindex/VoiceForge.build/Release/VoiceForge.build/Objects-normal/arm64/VoiceForge_const_extract_protocols.json -enable-experimental-feature DebugDescriptionMacro -enable-bare-slash-regex -empty-abi-descriptor -validate-clang-modules-once -clang-build-session-file /Users/nikhilreddy/Documents/Voice2Txt/VoiceInk/VoiceForge/build/ModuleCache.noindex/Session.modulevalidation -Xcc -working-directory -Xcc /Users/nikhilreddy/Documents/Voice2Txt/VoiceInk/VoiceForge -resource-dir /Applications/Xcode.app/Contents/Developer/Toolchains/XcodeDefault.xctoolchain/usr/lib/swift -file-compilation-dir /Users/nikhilreddy/Documents/Voice2Txt/VoiceInk/VoiceForge -Xcc -ivfsstatcache -Xcc /Users/nikhilreddy/Documents/Voice2Txt/VoiceInk/VoiceForge/build/SDKStatCaches.noindex/macosx15.2-24C94-1dd28740b163f220e3e9b9fd2a542f53.sdkstatcache -Xcc -I/Users/nikhilreddy/Documents/Voice2Txt/VoiceInk/VoiceForge/build/Build/Intermediates.noindex/VoiceForge.build/Release/VoiceForge.build/swift-overrides.hmap -Xcc -iquote -Xcc /Users/nikhilreddy/Documents/Voice2Txt/VoiceInk/VoiceForge/build/Build/Intermediates.noindex/VoiceForge.build/Release/VoiceForge.build/VoiceForge-generated-files.hmap -Xcc -I/Users/nikhilreddy/Documents/Voice2Txt/VoiceInk/VoiceForge/build/Build/Intermediates.noindex/VoiceForge.build/Release/VoiceForge.build/VoiceForge-own-target-headers.hmap -Xcc -I/Users/nikhilreddy/Documents/Voice2Txt/VoiceInk/VoiceForge/build/Build/Intermediates.noindex/VoiceForge.build/Release/VoiceForge.build/VoiceForge-all-non-framework-target-headers.hmap -Xcc -ivfsoverlay -Xcc /Users/nikhilreddy/Documents/Voice2Txt/VoiceInk/VoiceForge/build/Build/Intermediates.noindex/VoiceForge.build/Release/VoiceForge-72268df20f7cf1da32413e0eb8a958ab-VFS/all-product-headers.yaml -Xcc -iquote -Xcc /Users/nikhilreddy/Documents/Voice2Txt/VoiceInk/VoiceForge/build/Build/Intermediates.noindex/VoiceForge.build/Release/VoiceForge.build/VoiceForge-project-headers.hmap -Xcc -I/Users/nikhilreddy/Documents/Voice2Txt/VoiceInk/VoiceForge/build/Build/Products/Release/include -Xcc -I/Users/nikhilreddy/Documents/Voice2Txt/VoiceInk/VoiceForge/build/Build/Intermediates.noindex/VoiceForge.build/Release/VoiceForge.build/DerivedSources-normal/arm64 -Xcc -I/Users/nikhilreddy/Documents/Voice2Txt/VoiceInk/VoiceForge/build/Build/Intermediates.noindex/VoiceForge.build/Release/VoiceForge.build/DerivedSources/arm64 -Xcc -I/Users/nikhilreddy/Documents/Voice2Txt/VoiceInk/VoiceForge/build/Build/Intermediates.noindex/VoiceForge.build/Release/VoiceForge.build/DerivedSources -module-name VoiceForge -frontend-parseable-output -disable-clang-spi -target-sdk-version 15.2 -target-sdk-name macosx15.2 -external-plugin-path /Applications/Xcode.app/Contents/Developer/Platforms/MacOSX.platform/Developer/usr/lib/swift/host/plugins\#/Applications/Xcode.app/Contents/Developer/Platforms/MacOSX.platform/Developer/usr/bin/swift-plugin-server -external-plugin-path /Applications/Xcode.app/Contents/Developer/Platforms/MacOSX.platform/Developer/usr/local/lib/swift/host/plugins\#/Applications/Xcode.app/Contents/Developer/Platforms/MacOSX.platform/Developer/usr/bin/swift-plugin-server -plugin-path /Applications/Xcode.app/Contents/Developer/Toolchains/XcodeDefault.xctoolchain/usr/lib/swift/host/plugins -plugin-path /Applications/Xcode.app/Contents/Developer/Toolchains/XcodeDefault.xctoolchain/usr/local/lib/swift/host/plugins -enable-default-cmo -num-threads 8 -o /Users/nikhilreddy/Documents/Voice2Txt/VoiceInk/VoiceForge/build/Build/Intermediates.noindex/VoiceForge.build/Release/VoiceForge.build/Objects-normal/arm64/AIEnhancementPipeline.o -o /Users/nikhilreddy/Documents/Voice2Txt/VoiceInk/VoiceForge/build/Build/Intermediates.noindex/VoiceForge.build/Release/VoiceForge.build/Objects-normal/arm64/AppCoordinator.o -o /Users/nikhilreddy/Documents/Voice2Txt/VoiceInk/VoiceForge/build/Build/Intermediates.noindex/VoiceForge.build/Release/VoiceForge.build/Objects-normal/arm64/AudioPipelineManager.o -o /Users/nikhilreddy/Documents/Voice2Txt/VoiceInk/VoiceForge/build/Build/Intermediates.noindex/VoiceForge.build/Release/VoiceForge.build/Objects-normal/arm64/CloudTranscriptionEngine.o -o /Users/nikhilreddy/Documents/Voice2Txt/VoiceInk/VoiceForge/build/Build/Intermediates.noindex/VoiceForge.build/Release/VoiceForge.build/Objects-normal/arm64/ContentView.o -o /Users/nikhilreddy/Documents/Voice2Txt/VoiceInk/VoiceForge/build/Build/Intermediates.noindex/VoiceForge.build/Release/VoiceForge.build/Objects-normal/arm64/ContextEngine.o -o /Users/nikhilreddy/Documents/Voice2Txt/VoiceInk/VoiceForge/build/Build/Intermediates.noindex/VoiceForge.build/Release/VoiceForge.build/Objects-normal/arm64/DependencyContainer.o -o /Users/nikhilreddy/Documents/Voice2Txt/VoiceInk/VoiceForge/build/Build/Intermediates.noindex/VoiceForge.build/Release/VoiceForge.build/Objects-normal/arm64/HotkeyEngine.o -o /Users/nikhilreddy/Documents/Voice2Txt/VoiceInk/VoiceForge/build/Build/Intermediates.noindex/VoiceForge.build/Release/VoiceForge.build/Objects-normal/arm64/LocalTranscriptionEngine.o -o /Users/nikhilreddy/Documents/Voice2Txt/VoiceInk/VoiceForge/build/Build/Intermediates.noindex/VoiceForge.build/Release/VoiceForge.build/Objects-normal/arm64/NotificationManager.o -o /Users/nikhilreddy/Documents/Voice2Txt/VoiceInk/VoiceForge/build/Build/Intermediates.noindex/VoiceForge.build/Release/VoiceForge.build/Objects-normal/arm64/OnboardingView.o -o /Users/nikhilreddy/Documents/Voice2Txt/VoiceInk/VoiceForge/build/Build/Intermediates.noindex/VoiceForge.build/Release/VoiceForge.build/Objects-normal/arm64/SecureStorage.o -o /Users/nikhilreddy/Documents/Voice2Txt/VoiceInk/VoiceForge/build/Build/Intermediates.noindex/VoiceForge.build/Release/VoiceForge.build/Objects-normal/arm64/TranscriptionHistoryManager.o -o /Users/nikhilreddy/Documents/Voice2Txt/VoiceInk/VoiceForge/build/Build/Intermediates.noindex/VoiceForge.build/Release/VoiceForge.build/Objects-normal/arm64/TranscriptionModels.o -o /Users/nikhilreddy/Documents/Voice2Txt/VoiceInk/VoiceForge/build/Build/Intermediates.noindex/VoiceForge.build/Release/VoiceForge.build/Objects-normal/arm64/TranscriptionOrchestrator.o -o /Users/nikhilreddy/Documents/Voice2Txt/VoiceInk/VoiceForge/build/Build/Intermediates.noindex/VoiceForge.build/Release/VoiceForge.build/Objects-normal/arm64/UniversalRecorderView.o -o /Users/nikhilreddy/Documents/Voice2Txt/VoiceInk/VoiceForge/build/Build/Intermediates.noindex/VoiceForge.build/Release/VoiceForge.build/Objects-normal/arm64/UtilityServices.o -o /Users/nikhilreddy/Documents/Voice2Txt/VoiceInk/VoiceForge/build/Build/Intermediates.noindex/VoiceForge.build/Release/VoiceForge.build/Objects-normal/arm64/VocabularyManager.o -o /Users/nikhilreddy/Documents/Voice2Txt/VoiceInk/VoiceForge/build/Build/Intermediates.noindex/VoiceForge.build/Release/VoiceForge.build/Objects-normal/arm64/VoiceActivityDetector.o -o /Users/nikhilreddy/Documents/Voice2Txt/VoiceInk/VoiceForge/build/Build/Intermediates.noindex/VoiceForge.build/Release/VoiceForge.build/Objects-normal/arm64/VoiceForgeApp.o -index-unit-output-path /VoiceForge.build/Release/VoiceForge.build/Objects-normal/arm64/AIEnhancementPipeline.o -index-unit-output-path /VoiceForge.build/Release/VoiceForge.build/Objects-normal/arm64/AppCoordinator.o -index-unit-output-path /VoiceForge.build/Release/VoiceForge.build/Objects-normal/arm64/AudioPipelineManager.o -index-unit-output-path /VoiceForge.build/Release/VoiceForge.build/Objects-normal/arm64/CloudTranscriptionEngine.o -index-unit-output-path /VoiceForge.build/Release/VoiceForge.build/Objects-normal/arm64/ContentView.o -index-unit-output-path /VoiceForge.build/Release/VoiceForge.build/Objects-normal/arm64/ContextEngine.o -index-unit-output-path /VoiceForge.build/Release/VoiceForge.build/Objects-normal/arm64/DependencyContainer.o -index-unit-output-path /VoiceForge.build/Release/VoiceForge.build/Objects-normal/arm64/HotkeyEngine.o -index-unit-output-path /VoiceForge.build/Release/VoiceForge.build/Objects-normal/arm64/LocalTranscriptionEngine.o -index-unit-output-path /VoiceForge.build/Release/VoiceForge.build/Objects-normal/arm64/NotificationManager.o -index-unit-output-path /VoiceForge.build/Release/VoiceForge.build/Objects-normal/arm64/OnboardingView.o -index-unit-output-path /VoiceForge.build/Release/VoiceForge.build/Objects-normal/arm64/SecureStorage.o -index-unit-output-path /VoiceForge.build/Release/VoiceForge.build/Objects-normal/arm64/TranscriptionHistoryManager.o -index-unit-output-path /VoiceForge.build/Release/VoiceForge.build/Objects-normal/arm64/TranscriptionModels.o -index-unit-output-path /VoiceForge.build/Release/VoiceForge.build/Objects-normal/arm64/TranscriptionOrchestrator.o -index-unit-output-path /VoiceForge.build/Release/VoiceForge.build/Objects-normal/arm64/UniversalRecorderView.o -index-unit-output-path /VoiceForge.build/Release/VoiceForge.build/Objects-normal/arm64/UtilityServices.o -index-unit-output-path /VoiceForge.build/Release/VoiceForge.build/Objects-normal/arm64/VocabularyManager.o -index-unit-output-path /VoiceForge.build/Release/VoiceForge.build/Objects-normal/arm64/VoiceActivityDetector.o -index-unit-output-path /VoiceForge.build/Release/VoiceForge.build/Objects-normal/arm64/VoiceForgeApp.o
/Users/nikhilreddy/Documents/Voice2Txt/VoiceInk/VoiceForge/VoiceForge/AI/AIEnhancementPipeline.swift:212:25: error: cannot find 'NSPasteboard' in scope
        if let string = NSPasteboard.general.string(forType: .string) {
                        ^~~~~~~~~~~~
/Users/nikhilreddy/Documents/Voice2Txt/VoiceInk/VoiceForge/VoiceForge/AI/AIEnhancementPipeline.swift:212:63: error: cannot infer contextual base in reference to member 'string'
        if let string = NSPasteboard.general.string(forType: .string) {
                                                             ~^~~~~~
/Users/nikhilreddy/Documents/Voice2Txt/VoiceInk/VoiceForge/VoiceForge/App/AppCoordinator.swift:86:11: warning: 'catch' block is unreachable because no errors are thrown in 'do' block
        } catch {
          ^
/Users/nikhilreddy/Documents/Voice2Txt/VoiceInk/VoiceForge/VoiceForge/Audio/AudioPipelineManager.swift:64:9: error: call to main actor-isolated instance method 'cleanup()' in a synchronous nonisolated context
        cleanup()
        ^
/Users/nikhilreddy/Documents/Voice2Txt/VoiceInk/VoiceForge/VoiceForge/Audio/AudioPipelineManager.swift:317:10: note: calls to instance method 'cleanup()' from outside of its actor context are implicitly asynchronous
    func cleanup() {
         ^
/Users/nikhilreddy/Documents/Voice2Txt/VoiceInk/VoiceForge/VoiceForge/Audio/AudioPipelineManager.swift:199:15: error: contextual closure type '@convention(c) (AudioObjectID, UInt32, UnsafePointer<AudioObjectPropertyAddress>, UnsafeMutableRawPointer?) -> OSStatus' (aka '@convention(c) (UInt32, UInt32, UnsafePointer<AudioObjectPropertyAddress>, Optional<UnsafeMutableRawPointer>) -> Int32') expects 4 arguments, but 3 were used in closure body
            { _, _, clientData in
              ^
                              ,<#arg#> 
/Users/nikhilreddy/Documents/Voice2Txt/VoiceInk/VoiceForge/VoiceForge/Audio/AudioPipelineManager.swift:216:9: warning: result of call to 'stopRecording()' is unused
        stopRecording()
        ^            ~~
/Users/nikhilreddy/Documents/Voice2Txt/VoiceInk/VoiceForge/VoiceForge/Audio/AudioPipelineManager.swift:332:31: error: main actor-isolated property 'audioFile' can not be referenced from a nonisolated context
        guard let audioFile = audioFile,
                              ^
/Users/nikhilreddy/Documents/Voice2Txt/VoiceInk/VoiceForge/VoiceForge/Audio/AudioPipelineManager.swift:28:17: note: property declared here
    private var audioFile: AVAudioFile?
                ^
/Users/nikhilreddy/Documents/Voice2Txt/VoiceInk/VoiceForge/VoiceForge/Audio/AudioPipelineManager.swift:333:31: error: main actor-isolated property 'converter' can not be referenced from a nonisolated context
              let converter = converter,
                              ^
/Users/nikhilreddy/Documents/Voice2Txt/VoiceInk/VoiceForge/VoiceForge/Audio/AudioPipelineManager.swift:29:17: note: property declared here
    private var converter: AVAudioConverter?
                ^
/Users/nikhilreddy/Documents/Voice2Txt/VoiceInk/VoiceForge/VoiceForge/Audio/AudioPipelineManager.swift:334:28: error: main actor-isolated property 'recordingFormat' can not be referenced from a nonisolated context
              let format = recordingFormat else { return }
                           ^
/Users/nikhilreddy/Documents/Voice2Txt/VoiceInk/VoiceForge/VoiceForge/Audio/AudioPipelineManager.swift:30:17: note: property declared here
    private var recordingFormat: AVAudioFormat?
                ^
/Users/nikhilreddy/Documents/Voice2Txt/VoiceInk/VoiceForge/VoiceForge/Transcription/Cloud/CloudTranscriptionEngine.swift:163:23: error: call to main actor-isolated instance method 'hasAPIKey(for:)' in a synchronous nonisolated context
        secureStorage.hasAPIKey(for: type.keychainKey)
                      ^
/Users/nikhilreddy/Documents/Voice2Txt/VoiceInk/VoiceForge/VoiceForge/Security/SecureStorage.swift:68:10: note: calls to instance method 'hasAPIKey(for:)' from outside of its actor context are implicitly asynchronous
    func hasAPIKey(for identifier: String) -> Bool {
         ^
/Users/nikhilreddy/Documents/Voice2Txt/VoiceInk/VoiceForge/VoiceForge/Transcription/Cloud/CloudTranscriptionEngine.swift:240:23: error: call to main actor-isolated instance method 'hasAPIKey(for:)' in a synchronous nonisolated context
        secureStorage.hasAPIKey(for: type.keychainKey)
                      ^
/Users/nikhilreddy/Documents/Voice2Txt/VoiceInk/VoiceForge/VoiceForge/Security/SecureStorage.swift:68:10: note: calls to instance method 'hasAPIKey(for:)' from outside of its actor context are implicitly asynchronous
    func hasAPIKey(for identifier: String) -> Bool {
         ^
/Users/nikhilreddy/Documents/Voice2Txt/VoiceInk/VoiceForge/VoiceForge/Transcription/Cloud/CloudTranscriptionEngine.swift:313:23: error: call to main actor-isolated instance method 'hasAPIKey(for:)' in a synchronous nonisolated context
        secureStorage.hasAPIKey(for: type.keychainKey)
                      ^
/Users/nikhilreddy/Documents/Voice2Txt/VoiceInk/VoiceForge/VoiceForge/Security/SecureStorage.swift:68:10: note: calls to instance method 'hasAPIKey(for:)' from outside of its actor context are implicitly asynchronous
    func hasAPIKey(for identifier: String) -> Bool {
         ^
/Users/nikhilreddy/Documents/Voice2Txt/VoiceInk/VoiceForge/VoiceForge/Context/ContextEngine.swift:40:19: warning: initialization of immutable value 'temporal' was never used; consider replacing with assignment to '_' or removing it
        async let temporal = getTemporalContext()
              ~~~~^~~~~~~~
              _
/Users/nikhilreddy/Documents/Voice2Txt/VoiceInk/VoiceForge/VoiceForge/Context/ContextEngine.swift:189:37: warning: immutable value 'deviceName' was never used; consider replacing with '_' or removing it
            case .audioDeviceIs(let deviceName):
                                ~~~~^~~~~~~~~~
                                _
/Users/nikhilreddy/Documents/Voice2Txt/VoiceInk/VoiceForge/VoiceForge/Context/ContextEngine.swift:226:43: error: class 'JSONDecoder' requires that 'ContextRule' conform to 'Decodable'
           let rules = try? JSONDecoder().decode([ContextRule].self, from: data) {
                                          ^
Swift.Array:1:11: note: requirement from conditional conformance of '[ContextRule]' to 'Decodable'
extension Array : Decodable where Element : Decodable {
          ^
/Users/nikhilreddy/Documents/Voice2Txt/VoiceInk/VoiceForge/VoiceForge/Context/ContextEngine.swift:232:42: error: class 'JSONEncoder' requires that 'ContextRule' conform to 'Encodable'
        if let data = try? JSONEncoder().encode(contextRules) {
                                         ^
Swift.Array:1:11: note: requirement from conditional conformance of '[ContextRule]' to 'Encodable'
extension Array : Encodable where Element : Encodable {
          ^
/Users/nikhilreddy/Documents/Voice2Txt/VoiceInk/VoiceForge/VoiceForge/Input/HotkeyEngine.swift:114:9: error: call to main actor-isolated instance method 'stopMonitoring()' in a synchronous nonisolated context
        stopMonitoring()
        ^
/Users/nikhilreddy/Documents/Voice2Txt/VoiceInk/VoiceForge/VoiceForge/Input/HotkeyEngine.swift:128:10: note: calls to instance method 'stopMonitoring()' from outside of its actor context are implicitly asynchronous
    func stopMonitoring() {
         ^
/Users/nikhilreddy/Documents/Voice2Txt/VoiceInk/VoiceForge/VoiceForge/Input/HotkeyEngine.swift:200:50: error: value of type 'TranscriptionOrchestrator' has no member 'cancelRecording'
                await self?.transcriptionEngine?.cancelRecording()
                      ~~~~~~~~~~~~~~~~~~~~~~~~~~ ^~~~~~~~~~~~~~~
/Users/nikhilreddy/Documents/Voice2Txt/VoiceInk/VoiceForge/VoiceForge/Transcription/Local/LocalTranscriptionEngine.swift:32:9: error: call to main actor-isolated instance method 'unloadModels()' in a synchronous nonisolated context
        unloadModels()
        ^
/Users/nikhilreddy/Documents/Voice2Txt/VoiceInk/VoiceForge/VoiceForge/Transcription/Local/LocalTranscriptionEngine.swift:58:10: note: calls to instance method 'unloadModels()' from outside of its actor context are implicitly asynchronous
    func unloadModels() {
         ^
/Users/nikhilreddy/Documents/Voice2Txt/VoiceInk/VoiceForge/VoiceForge/Security/SecureStorage.swift:241:13: warning: initialization of immutable value 'event' was never used; consider replacing with assignment to '_' or removing it
        let event = DataAccessEvent(
        ~~~~^~~~~
        _
/Users/nikhilreddy/Documents/Voice2Txt/VoiceInk/VoiceForge/VoiceForge/Transcription/TranscriptionOrchestrator.swift:311:13: error: cannot find 'AVCaptureDevice' in scope
            AVCaptureDevice.requestAccess(for: .audio) { granted in
            ^~~~~~~~~~~~~~~
/Users/nikhilreddy/Documents/Voice2Txt/VoiceInk/VoiceForge/VoiceForge/Transcription/TranscriptionOrchestrator.swift:311:49: error: cannot infer contextual base in reference to member 'audio'
            AVCaptureDevice.requestAccess(for: .audio) { granted in
                                               ~^~~~~

SwiftCompile normal x86_64 Compiling\ AIEnhancementPipeline.swift,\ AppCoordinator.swift,\ AudioPipelineManager.swift,\ CloudTranscriptionEngine.swift,\ ContentView.swift,\ ContextEngine.swift,\ DependencyContainer.swift,\ HotkeyEngine.swift,\ LocalTranscriptionEngine.swift,\ NotificationManager.swift,\ OnboardingView.swift,\ SecureStorage.swift,\ TranscriptionHistoryManager.swift,\ TranscriptionModels.swift,\ TranscriptionOrchestrator.swift,\ UniversalRecorderView.swift,\ UtilityServices.swift,\ VocabularyManager.swift,\ VoiceActivityDetector.swift,\ VoiceForgeApp.swift /Users/nikhilreddy/Documents/Voice2Txt/VoiceInk/VoiceForge/VoiceForge/AI/AIEnhancementPipeline.swift /Users/nikhilreddy/Documents/Voice2Txt/VoiceInk/VoiceForge/VoiceForge/App/AppCoordinator.swift /Users/nikhilreddy/Documents/Voice2Txt/VoiceInk/VoiceForge/VoiceForge/Audio/AudioPipelineManager.swift /Users/nikhilreddy/Documents/Voice2Txt/VoiceInk/VoiceForge/VoiceForge/Transcription/Cloud/CloudTranscriptionEngine.swift /Users/nikhilreddy/Documents/Voice2Txt/VoiceInk/VoiceForge/VoiceForge/Views/ContentView.swift /Users/nikhilreddy/Documents/Voice2Txt/VoiceInk/VoiceForge/VoiceForge/Context/ContextEngine.swift /Users/nikhilreddy/Documents/Voice2Txt/VoiceInk/VoiceForge/VoiceForge/App/DependencyContainer.swift /Users/nikhilreddy/Documents/Voice2Txt/VoiceInk/VoiceForge/VoiceForge/Input/HotkeyEngine.swift /Users/nikhilreddy/Documents/Voice2Txt/VoiceInk/VoiceForge/VoiceForge/Transcription/Local/LocalTranscriptionEngine.swift /Users/nikhilreddy/Documents/Voice2Txt/VoiceInk/VoiceForge/VoiceForge/Notifications/NotificationManager.swift /Users/nikhilreddy/Documents/Voice2Txt/VoiceInk/VoiceForge/VoiceForge/Views/Onboarding/OnboardingView.swift /Users/nikhilreddy/Documents/Voice2Txt/VoiceInk/VoiceForge/VoiceForge/Security/SecureStorage.swift /Users/nikhilreddy/Documents/Voice2Txt/VoiceInk/VoiceForge/VoiceForge/History/TranscriptionHistoryManager.swift /Users/nikhilreddy/Documents/Voice2Txt/VoiceInk/VoiceForge/VoiceForge/Core/Models/TranscriptionModels.swift /Users/nikhilreddy/Documents/Voice2Txt/VoiceInk/VoiceForge/VoiceForge/Transcription/TranscriptionOrchestrator.swift /Users/nikhilreddy/Documents/Voice2Txt/VoiceInk/VoiceForge/VoiceForge/Views/Recorder/UniversalRecorderView.swift /Users/nikhilreddy/Documents/Voice2Txt/VoiceInk/VoiceForge/VoiceForge/Core/Services/UtilityServices.swift /Users/nikhilreddy/Documents/Voice2Txt/VoiceInk/VoiceForge/VoiceForge/Dictionary/VocabularyManager.swift /Users/nikhilreddy/Documents/Voice2Txt/VoiceInk/VoiceForge/VoiceForge/Audio/VoiceActivityDetector.swift /Users/nikhilreddy/Documents/Voice2Txt/VoiceInk/VoiceForge/VoiceForge/App/VoiceForgeApp.swift (in target 'VoiceForge' from project 'VoiceForge')
    cd /Users/nikhilreddy/Documents/Voice2Txt/VoiceInk/VoiceForge
    builtin-swiftTaskExecution -- /Applications/Xcode.app/Contents/Developer/Toolchains/XcodeDefault.xctoolchain/usr/bin/swift-frontend -frontend -c /Users/nikhilreddy/Documents/Voice2Txt/VoiceInk/VoiceForge/VoiceForge/AI/AIEnhancementPipeline.swift /Users/nikhilreddy/Documents/Voice2Txt/VoiceInk/VoiceForge/VoiceForge/App/AppCoordinator.swift /Users/nikhilreddy/Documents/Voice2Txt/VoiceInk/VoiceForge/VoiceForge/Audio/AudioPipelineManager.swift /Users/nikhilreddy/Documents/Voice2Txt/VoiceInk/VoiceForge/VoiceForge/Transcription/Cloud/CloudTranscriptionEngine.swift /Users/nikhilreddy/Documents/Voice2Txt/VoiceInk/VoiceForge/VoiceForge/Views/ContentView.swift /Users/nikhilreddy/Documents/Voice2Txt/VoiceInk/VoiceForge/VoiceForge/Context/ContextEngine.swift /Users/nikhilreddy/Documents/Voice2Txt/VoiceInk/VoiceForge/VoiceForge/App/DependencyContainer.swift /Users/nikhilreddy/Documents/Voice2Txt/VoiceInk/VoiceForge/VoiceForge/Input/HotkeyEngine.swift /Users/nikhilreddy/Documents/Voice2Txt/VoiceInk/VoiceForge/VoiceForge/Transcription/Local/LocalTranscriptionEngine.swift /Users/nikhilreddy/Documents/Voice2Txt/VoiceInk/VoiceForge/VoiceForge/Notifications/NotificationManager.swift /Users/nikhilreddy/Documents/Voice2Txt/VoiceInk/VoiceForge/VoiceForge/Views/Onboarding/OnboardingView.swift /Users/nikhilreddy/Documents/Voice2Txt/VoiceInk/VoiceForge/VoiceForge/Security/SecureStorage.swift /Users/nikhilreddy/Documents/Voice2Txt/VoiceInk/VoiceForge/VoiceForge/History/TranscriptionHistoryManager.swift /Users/nikhilreddy/Documents/Voice2Txt/VoiceInk/VoiceForge/VoiceForge/Core/Models/TranscriptionModels.swift /Users/nikhilreddy/Documents/Voice2Txt/VoiceInk/VoiceForge/VoiceForge/Transcription/TranscriptionOrchestrator.swift /Users/nikhilreddy/Documents/Voice2Txt/VoiceInk/VoiceForge/VoiceForge/Views/Recorder/UniversalRecorderView.swift /Users/nikhilreddy/Documents/Voice2Txt/VoiceInk/VoiceForge/VoiceForge/Core/Services/UtilityServices.swift /Users/nikhilreddy/Documents/Voice2Txt/VoiceInk/VoiceForge/VoiceForge/Dictionary/VocabularyManager.swift /Users/nikhilreddy/Documents/Voice2Txt/VoiceInk/VoiceForge/VoiceForge/Audio/VoiceActivityDetector.swift /Users/nikhilreddy/Documents/Voice2Txt/VoiceInk/VoiceForge/VoiceForge/App/VoiceForgeApp.swift -supplementary-output-file-map /Users/nikhilreddy/Documents/Voice2Txt/VoiceInk/VoiceForge/build/Build/Intermediates.noindex/VoiceForge.build/Release/VoiceForge.build/Objects-normal/x86_64/supplementaryOutputs-4 -emit-localized-strings -emit-localized-strings-path /Users/nikhilreddy/Documents/Voice2Txt/VoiceInk/VoiceForge/build/Build/Intermediates.noindex/VoiceForge.build/Release/VoiceForge.build/Objects-normal/x86_64 -target x86_64-apple-macos14.0 -enable-objc-interop -stack-check -sdk /Applications/Xcode.app/Contents/Developer/Platforms/MacOSX.platform/Developer/SDKs/MacOSX15.2.sdk -I /Users/nikhilreddy/Documents/Voice2Txt/VoiceInk/VoiceForge/build/Build/Products/Release -F /Users/nikhilreddy/Documents/Voice2Txt/VoiceInk/VoiceForge/build/Build/Products/Release/PackageFrameworks -F /Users/nikhilreddy/Documents/Voice2Txt/VoiceInk/VoiceForge/build/Build/Products/Release -F /Users/nikhilreddy/Documents/Voice2Txt/VoiceInk/VoiceForge/VoiceForge/Frameworks -no-color-diagnostics -g -debug-info-format\=dwarf -dwarf-version\=4 -module-cache-path /Users/nikhilreddy/Documents/Voice2Txt/VoiceInk/VoiceForge/build/ModuleCache.noindex -profile-generate -profile-coverage-mapping -swift-version 5 -enforce-exclusivity\=checked -O -serialize-debugging-options -const-gather-protocols-file /Users/nikhilreddy/Documents/Voice2Txt/VoiceInk/VoiceForge/build/Build/Intermediates.noindex/VoiceForge.build/Release/VoiceForge.build/Objects-normal/x86_64/VoiceForge_const_extract_protocols.json -enable-experimental-feature DebugDescriptionMacro -enable-bare-slash-regex -empty-abi-descriptor -validate-clang-modules-once -clang-build-session-file /Users/nikhilreddy/Documents/Voice2Txt/VoiceInk/VoiceForge/build/ModuleCache.noindex/Session.modulevalidation -Xcc -working-directory -Xcc /Users/nikhilreddy/Documents/Voice2Txt/VoiceInk/VoiceForge -resource-dir /Applications/Xcode.app/Contents/Developer/Toolchains/XcodeDefault.xctoolchain/usr/lib/swift -file-compilation-dir /Users/nikhilreddy/Documents/Voice2Txt/VoiceInk/VoiceForge -Xcc -ivfsstatcache -Xcc /Users/nikhilreddy/Documents/Voice2Txt/VoiceInk/VoiceForge/build/SDKStatCaches.noindex/macosx15.2-24C94-1dd28740b163f220e3e9b9fd2a542f53.sdkstatcache -Xcc -I/Users/nikhilreddy/Documents/Voice2Txt/VoiceInk/VoiceForge/build/Build/Intermediates.noindex/VoiceForge.build/Release/VoiceForge.build/swift-overrides.hmap -Xcc -iquote -Xcc /Users/nikhilreddy/Documents/Voice2Txt/VoiceInk/VoiceForge/build/Build/Intermediates.noindex/VoiceForge.build/Release/VoiceForge.build/VoiceForge-generated-files.hmap -Xcc -I/Users/nikhilreddy/Documents/Voice2Txt/VoiceInk/VoiceForge/build/Build/Intermediates.noindex/VoiceForge.build/Release/VoiceForge.build/VoiceForge-own-target-headers.hmap -Xcc -I/Users/nikhilreddy/Documents/Voice2Txt/VoiceInk/VoiceForge/build/Build/Intermediates.noindex/VoiceForge.build/Release/VoiceForge.build/VoiceForge-all-non-framework-target-headers.hmap -Xcc -ivfsoverlay -Xcc /Users/nikhilreddy/Documents/Voice2Txt/VoiceInk/VoiceForge/build/Build/Intermediates.noindex/VoiceForge.build/Release/VoiceForge-72268df20f7cf1da32413e0eb8a958ab-VFS/all-product-headers.yaml -Xcc -iquote -Xcc /Users/nikhilreddy/Documents/Voice2Txt/VoiceInk/VoiceForge/build/Build/Intermediates.noindex/VoiceForge.build/Release/VoiceForge.build/VoiceForge-project-headers.hmap -Xcc -I/Users/nikhilreddy/Documents/Voice2Txt/VoiceInk/VoiceForge/build/Build/Products/Release/include -Xcc -I/Users/nikhilreddy/Documents/Voice2Txt/VoiceInk/VoiceForge/build/Build/Intermediates.noindex/VoiceForge.build/Release/VoiceForge.build/DerivedSources-normal/x86_64 -Xcc -I/Users/nikhilreddy/Documents/Voice2Txt/VoiceInk/VoiceForge/build/Build/Intermediates.noindex/VoiceForge.build/Release/VoiceForge.build/DerivedSources/x86_64 -Xcc -I/Users/nikhilreddy/Documents/Voice2Txt/VoiceInk/VoiceForge/build/Build/Intermediates.noindex/VoiceForge.build/Release/VoiceForge.build/DerivedSources -module-name VoiceForge -frontend-parseable-output -disable-clang-spi -target-sdk-version 15.2 -target-sdk-name macosx15.2 -external-plugin-path /Applications/Xcode.app/Contents/Developer/Platforms/MacOSX.platform/Developer/usr/lib/swift/host/plugins\#/Applications/Xcode.app/Contents/Developer/Platforms/MacOSX.platform/Developer/usr/bin/swift-plugin-server -external-plugin-path /Applications/Xcode.app/Contents/Developer/Platforms/MacOSX.platform/Developer/usr/local/lib/swift/host/plugins\#/Applications/Xcode.app/Contents/Developer/Platforms/MacOSX.platform/Developer/usr/bin/swift-plugin-server -plugin-path /Applications/Xcode.app/Contents/Developer/Toolchains/XcodeDefault.xctoolchain/usr/lib/swift/host/plugins -plugin-path /Applications/Xcode.app/Contents/Developer/Toolchains/XcodeDefault.xctoolchain/usr/local/lib/swift/host/plugins -enable-default-cmo -num-threads 8 -o /Users/nikhilreddy/Documents/Voice2Txt/VoiceInk/VoiceForge/build/Build/Intermediates.noindex/VoiceForge.build/Release/VoiceForge.build/Objects-normal/x86_64/AIEnhancementPipeline.o -o /Users/nikhilreddy/Documents/Voice2Txt/VoiceInk/VoiceForge/build/Build/Intermediates.noindex/VoiceForge.build/Release/VoiceForge.build/Objects-normal/x86_64/AppCoordinator.o -o /Users/nikhilreddy/Documents/Voice2Txt/VoiceInk/VoiceForge/build/Build/Intermediates.noindex/VoiceForge.build/Release/VoiceForge.build/Objects-normal/x86_64/AudioPipelineManager.o -o /Users/nikhilreddy/Documents/Voice2Txt/VoiceInk/VoiceForge/build/Build/Intermediates.noindex/VoiceForge.build/Release/VoiceForge.build/Objects-normal/x86_64/CloudTranscriptionEngine.o -o /Users/nikhilreddy/Documents/Voice2Txt/VoiceInk/VoiceForge/build/Build/Intermediates.noindex/VoiceForge.build/Release/VoiceForge.build/Objects-normal/x86_64/ContentView.o -o /Users/nikhilreddy/Documents/Voice2Txt/VoiceInk/VoiceForge/build/Build/Intermediates.noindex/VoiceForge.build/Release/VoiceForge.build/Objects-normal/x86_64/ContextEngine.o -o /Users/nikhilreddy/Documents/Voice2Txt/VoiceInk/VoiceForge/build/Build/Intermediates.noindex/VoiceForge.build/Release/VoiceForge.build/Objects-normal/x86_64/DependencyContainer.o -o /Users/nikhilreddy/Documents/Voice2Txt/VoiceInk/VoiceForge/build/Build/Intermediates.noindex/VoiceForge.build/Release/VoiceForge.build/Objects-normal/x86_64/HotkeyEngine.o -o /Users/nikhilreddy/Documents/Voice2Txt/VoiceInk/VoiceForge/build/Build/Intermediates.noindex/VoiceForge.build/Release/VoiceForge.build/Objects-normal/x86_64/LocalTranscriptionEngine.o -o /Users/nikhilreddy/Documents/Voice2Txt/VoiceInk/VoiceForge/build/Build/Intermediates.noindex/VoiceForge.build/Release/VoiceForge.build/Objects-normal/x86_64/NotificationManager.o -o /Users/nikhilreddy/Documents/Voice2Txt/VoiceInk/VoiceForge/build/Build/Intermediates.noindex/VoiceForge.build/Release/VoiceForge.build/Objects-normal/x86_64/OnboardingView.o -o /Users/nikhilreddy/Documents/Voice2Txt/VoiceInk/VoiceForge/build/Build/Intermediates.noindex/VoiceForge.build/Release/VoiceForge.build/Objects-normal/x86_64/SecureStorage.o -o /Users/nikhilreddy/Documents/Voice2Txt/VoiceInk/VoiceForge/build/Build/Intermediates.noindex/VoiceForge.build/Release/VoiceForge.build/Objects-normal/x86_64/TranscriptionHistoryManager.o -o /Users/nikhilreddy/Documents/Voice2Txt/VoiceInk/VoiceForge/build/Build/Intermediates.noindex/VoiceForge.build/Release/VoiceForge.build/Objects-normal/x86_64/TranscriptionModels.o -o /Users/nikhilreddy/Documents/Voice2Txt/VoiceInk/VoiceForge/build/Build/Intermediates.noindex/VoiceForge.build/Release/VoiceForge.build/Objects-normal/x86_64/TranscriptionOrchestrator.o -o /Users/nikhilreddy/Documents/Voice2Txt/VoiceInk/VoiceForge/build/Build/Intermediates.noindex/VoiceForge.build/Release/VoiceForge.build/Objects-normal/x86_64/UniversalRecorderView.o -o /Users/nikhilreddy/Documents/Voice2Txt/VoiceInk/VoiceForge/build/Build/Intermediates.noindex/VoiceForge.build/Release/VoiceForge.build/Objects-normal/x86_64/UtilityServices.o -o /Users/nikhilreddy/Documents/Voice2Txt/VoiceInk/VoiceForge/build/Build/Intermediates.noindex/VoiceForge.build/Release/VoiceForge.build/Objects-normal/x86_64/VocabularyManager.o -o /Users/nikhilreddy/Documents/Voice2Txt/VoiceInk/VoiceForge/build/Build/Intermediates.noindex/VoiceForge.build/Release/VoiceForge.build/Objects-normal/x86_64/VoiceActivityDetector.o -o /Users/nikhilreddy/Documents/Voice2Txt/VoiceInk/VoiceForge/build/Build/Intermediates.noindex/VoiceForge.build/Release/VoiceForge.build/Objects-normal/x86_64/VoiceForgeApp.o -index-unit-output-path /VoiceForge.build/Release/VoiceForge.build/Objects-normal/x86_64/AIEnhancementPipeline.o -index-unit-output-path /VoiceForge.build/Release/VoiceForge.build/Objects-normal/x86_64/AppCoordinator.o -index-unit-output-path /VoiceForge.build/Release/VoiceForge.build/Objects-normal/x86_64/AudioPipelineManager.o -index-unit-output-path /VoiceForge.build/Release/VoiceForge.build/Objects-normal/x86_64/CloudTranscriptionEngine.o -index-unit-output-path /VoiceForge.build/Release/VoiceForge.build/Objects-normal/x86_64/ContentView.o -index-unit-output-path /VoiceForge.build/Release/VoiceForge.build/Objects-normal/x86_64/ContextEngine.o -index-unit-output-path /VoiceForge.build/Release/VoiceForge.build/Objects-normal/x86_64/DependencyContainer.o -index-unit-output-path /VoiceForge.build/Release/VoiceForge.build/Objects-normal/x86_64/HotkeyEngine.o -index-unit-output-path /VoiceForge.build/Release/VoiceForge.build/Objects-normal/x86_64/LocalTranscriptionEngine.o -index-unit-output-path /VoiceForge.build/Release/VoiceForge.build/Objects-normal/x86_64/NotificationManager.o -index-unit-output-path /VoiceForge.build/Release/VoiceForge.build/Objects-normal/x86_64/OnboardingView.o -index-unit-output-path /VoiceForge.build/Release/VoiceForge.build/Objects-normal/x86_64/SecureStorage.o -index-unit-output-path /VoiceForge.build/Release/VoiceForge.build/Objects-normal/x86_64/TranscriptionHistoryManager.o -index-unit-output-path /VoiceForge.build/Release/VoiceForge.build/Objects-normal/x86_64/TranscriptionModels.o -index-unit-output-path /VoiceForge.build/Release/VoiceForge.build/Objects-normal/x86_64/TranscriptionOrchestrator.o -index-unit-output-path /VoiceForge.build/Release/VoiceForge.build/Objects-normal/x86_64/UniversalRecorderView.o -index-unit-output-path /VoiceForge.build/Release/VoiceForge.build/Objects-normal/x86_64/UtilityServices.o -index-unit-output-path /VoiceForge.build/Release/VoiceForge.build/Objects-normal/x86_64/VocabularyManager.o -index-unit-output-path /VoiceForge.build/Release/VoiceForge.build/Objects-normal/x86_64/VoiceActivityDetector.o -index-unit-output-path /VoiceForge.build/Release/VoiceForge.build/Objects-normal/x86_64/VoiceForgeApp.o
CompileSwift normal x86_64 (in target 'VoiceForge' from project 'VoiceForge')
    cd /Users/nikhilreddy/Documents/Voice2Txt/VoiceInk/VoiceForge
    /Applications/Xcode.app/Contents/Developer/Toolchains/XcodeDefault.xctoolchain/usr/bin/swift-frontend -c /Users/nikhilreddy/Documents/Voice2Txt/VoiceInk/VoiceForge/VoiceForge/AI/AIEnhancementPipeline.swift /Users/nikhilreddy/Documents/Voice2Txt/VoiceInk/VoiceForge/VoiceForge/App/AppCoordinator.swift /Users/nikhilreddy/Documents/Voice2Txt/VoiceInk/VoiceForge/VoiceForge/Audio/AudioPipelineManager.swift /Users/nikhilreddy/Documents/Voice2Txt/VoiceInk/VoiceForge/VoiceForge/Transcription/Cloud/CloudTranscriptionEngine.swift /Users/nikhilreddy/Documents/Voice2Txt/VoiceInk/VoiceForge/VoiceForge/Views/ContentView.swift /Users/nikhilreddy/Documents/Voice2Txt/VoiceInk/VoiceForge/VoiceForge/Context/ContextEngine.swift /Users/nikhilreddy/Documents/Voice2Txt/VoiceInk/VoiceForge/VoiceForge/App/DependencyContainer.swift /Users/nikhilreddy/Documents/Voice2Txt/VoiceInk/VoiceForge/VoiceForge/Input/HotkeyEngine.swift /Users/nikhilreddy/Documents/Voice2Txt/VoiceInk/VoiceForge/VoiceForge/Transcription/Local/LocalTranscriptionEngine.swift /Users/nikhilreddy/Documents/Voice2Txt/VoiceInk/VoiceForge/VoiceForge/Notifications/NotificationManager.swift /Users/nikhilreddy/Documents/Voice2Txt/VoiceInk/VoiceForge/VoiceForge/Views/Onboarding/OnboardingView.swift /Users/nikhilreddy/Documents/Voice2Txt/VoiceInk/VoiceForge/VoiceForge/Security/SecureStorage.swift /Users/nikhilreddy/Documents/Voice2Txt/VoiceInk/VoiceForge/VoiceForge/History/TranscriptionHistoryManager.swift /Users/nikhilreddy/Documents/Voice2Txt/VoiceInk/VoiceForge/VoiceForge/Core/Models/TranscriptionModels.swift /Users/nikhilreddy/Documents/Voice2Txt/VoiceInk/VoiceForge/VoiceForge/Transcription/TranscriptionOrchestrator.swift /Users/nikhilreddy/Documents/Voice2Txt/VoiceInk/VoiceForge/VoiceForge/Views/Recorder/UniversalRecorderView.swift /Users/nikhilreddy/Documents/Voice2Txt/VoiceInk/VoiceForge/VoiceForge/Core/Services/UtilityServices.swift /Users/nikhilreddy/Documents/Voice2Txt/VoiceInk/VoiceForge/VoiceForge/Dictionary/VocabularyManager.swift /Users/nikhilreddy/Documents/Voice2Txt/VoiceInk/VoiceForge/VoiceForge/Audio/VoiceActivityDetector.swift /Users/nikhilreddy/Documents/Voice2Txt/VoiceInk/VoiceForge/VoiceForge/App/VoiceForgeApp.swift -supplementary-output-file-map /Users/nikhilreddy/Documents/Voice2Txt/VoiceInk/VoiceForge/build/Build/Intermediates.noindex/VoiceForge.build/Release/VoiceForge.build/Objects-normal/x86_64/supplementaryOutputs-4 -emit-localized-strings -emit-localized-strings-path /Users/nikhilreddy/Documents/Voice2Txt/VoiceInk/VoiceForge/build/Build/Intermediates.noindex/VoiceForge.build/Release/VoiceForge.build/Objects-normal/x86_64 -target x86_64-apple-macos14.0 -enable-objc-interop -stack-check -sdk /Applications/Xcode.app/Contents/Developer/Platforms/MacOSX.platform/Developer/SDKs/MacOSX15.2.sdk -I /Users/nikhilreddy/Documents/Voice2Txt/VoiceInk/VoiceForge/build/Build/Products/Release -F /Users/nikhilreddy/Documents/Voice2Txt/VoiceInk/VoiceForge/build/Build/Products/Release/PackageFrameworks -F /Users/nikhilreddy/Documents/Voice2Txt/VoiceInk/VoiceForge/build/Build/Products/Release -F /Users/nikhilreddy/Documents/Voice2Txt/VoiceInk/VoiceForge/VoiceForge/Frameworks -no-color-diagnostics -g -debug-info-format\=dwarf -dwarf-version\=4 -module-cache-path /Users/nikhilreddy/Documents/Voice2Txt/VoiceInk/VoiceForge/build/ModuleCache.noindex -profile-generate -profile-coverage-mapping -swift-version 5 -enforce-exclusivity\=checked -O -serialize-debugging-options -const-gather-protocols-file /Users/nikhilreddy/Documents/Voice2Txt/VoiceInk/VoiceForge/build/Build/Intermediates.noindex/VoiceForge.build/Release/VoiceForge.build/Objects-normal/x86_64/VoiceForge_const_extract_protocols.json -enable-experimental-feature DebugDescriptionMacro -enable-bare-slash-regex -empty-abi-descriptor -validate-clang-modules-once -clang-build-session-file /Users/nikhilreddy/Documents/Voice2Txt/VoiceInk/VoiceForge/build/ModuleCache.noindex/Session.modulevalidation -Xcc -working-directory -Xcc /Users/nikhilreddy/Documents/Voice2Txt/VoiceInk/VoiceForge -resource-dir /Applications/Xcode.app/Contents/Developer/Toolchains/XcodeDefault.xctoolchain/usr/lib/swift -file-compilation-dir /Users/nikhilreddy/Documents/Voice2Txt/VoiceInk/VoiceForge -Xcc -ivfsstatcache -Xcc /Users/nikhilreddy/Documents/Voice2Txt/VoiceInk/VoiceForge/build/SDKStatCaches.noindex/macosx15.2-24C94-1dd28740b163f220e3e9b9fd2a542f53.sdkstatcache -Xcc -I/Users/nikhilreddy/Documents/Voice2Txt/VoiceInk/VoiceForge/build/Build/Intermediates.noindex/VoiceForge.build/Release/VoiceForge.build/swift-overrides.hmap -Xcc -iquote -Xcc /Users/nikhilreddy/Documents/Voice2Txt/VoiceInk/VoiceForge/build/Build/Intermediates.noindex/VoiceForge.build/Release/VoiceForge.build/VoiceForge-generated-files.hmap -Xcc -I/Users/nikhilreddy/Documents/Voice2Txt/VoiceInk/VoiceForge/build/Build/Intermediates.noindex/VoiceForge.build/Release/VoiceForge.build/VoiceForge-own-target-headers.hmap -Xcc -I/Users/nikhilreddy/Documents/Voice2Txt/VoiceInk/VoiceForge/build/Build/Intermediates.noindex/VoiceForge.build/Release/VoiceForge.build/VoiceForge-all-non-framework-target-headers.hmap -Xcc -ivfsoverlay -Xcc /Users/nikhilreddy/Documents/Voice2Txt/VoiceInk/VoiceForge/build/Build/Intermediates.noindex/VoiceForge.build/Release/VoiceForge-72268df20f7cf1da32413e0eb8a958ab-VFS/all-product-headers.yaml -Xcc -iquote -Xcc /Users/nikhilreddy/Documents/Voice2Txt/VoiceInk/VoiceForge/build/Build/Intermediates.noindex/VoiceForge.build/Release/VoiceForge.build/VoiceForge-project-headers.hmap -Xcc -I/Users/nikhilreddy/Documents/Voice2Txt/VoiceInk/VoiceForge/build/Build/Products/Release/include -Xcc -I/Users/nikhilreddy/Documents/Voice2Txt/VoiceInk/VoiceForge/build/Build/Intermediates.noindex/VoiceForge.build/Release/VoiceForge.build/DerivedSources-normal/x86_64 -Xcc -I/Users/nikhilreddy/Documents/Voice2Txt/VoiceInk/VoiceForge/build/Build/Intermediates.noindex/VoiceForge.build/Release/VoiceForge.build/DerivedSources/x86_64 -Xcc -I/Users/nikhilreddy/Documents/Voice2Txt/VoiceInk/VoiceForge/build/Build/Intermediates.noindex/VoiceForge.build/Release/VoiceForge.build/DerivedSources -module-name VoiceForge -frontend-parseable-output -disable-clang-spi -target-sdk-version 15.2 -target-sdk-name macosx15.2 -external-plugin-path /Applications/Xcode.app/Contents/Developer/Platforms/MacOSX.platform/Developer/usr/lib/swift/host/plugins\#/Applications/Xcode.app/Contents/Developer/Platforms/MacOSX.platform/Developer/usr/bin/swift-plugin-server -external-plugin-path /Applications/Xcode.app/Contents/Developer/Platforms/MacOSX.platform/Developer/usr/local/lib/swift/host/plugins\#/Applications/Xcode.app/Contents/Developer/Platforms/MacOSX.platform/Developer/usr/bin/swift-plugin-server -plugin-path /Applications/Xcode.app/Contents/Developer/Toolchains/XcodeDefault.xctoolchain/usr/lib/swift/host/plugins -plugin-path /Applications/Xcode.app/Contents/Developer/Toolchains/XcodeDefault.xctoolchain/usr/local/lib/swift/host/plugins -enable-default-cmo -num-threads 8 -o /Users/nikhilreddy/Documents/Voice2Txt/VoiceInk/VoiceForge/build/Build/Intermediates.noindex/VoiceForge.build/Release/VoiceForge.build/Objects-normal/x86_64/AIEnhancementPipeline.o -o /Users/nikhilreddy/Documents/Voice2Txt/VoiceInk/VoiceForge/build/Build/Intermediates.noindex/VoiceForge.build/Release/VoiceForge.build/Objects-normal/x86_64/AppCoordinator.o -o /Users/nikhilreddy/Documents/Voice2Txt/VoiceInk/VoiceForge/build/Build/Intermediates.noindex/VoiceForge.build/Release/VoiceForge.build/Objects-normal/x86_64/AudioPipelineManager.o -o /Users/nikhilreddy/Documents/Voice2Txt/VoiceInk/VoiceForge/build/Build/Intermediates.noindex/VoiceForge.build/Release/VoiceForge.build/Objects-normal/x86_64/CloudTranscriptionEngine.o -o /Users/nikhilreddy/Documents/Voice2Txt/VoiceInk/VoiceForge/build/Build/Intermediates.noindex/VoiceForge.build/Release/VoiceForge.build/Objects-normal/x86_64/ContentView.o -o /Users/nikhilreddy/Documents/Voice2Txt/VoiceInk/VoiceForge/build/Build/Intermediates.noindex/VoiceForge.build/Release/VoiceForge.build/Objects-normal/x86_64/ContextEngine.o -o /Users/nikhilreddy/Documents/Voice2Txt/VoiceInk/VoiceForge/build/Build/Intermediates.noindex/VoiceForge.build/Release/VoiceForge.build/Objects-normal/x86_64/DependencyContainer.o -o /Users/nikhilreddy/Documents/Voice2Txt/VoiceInk/VoiceForge/build/Build/Intermediates.noindex/VoiceForge.build/Release/VoiceForge.build/Objects-normal/x86_64/HotkeyEngine.o -o /Users/nikhilreddy/Documents/Voice2Txt/VoiceInk/VoiceForge/build/Build/Intermediates.noindex/VoiceForge.build/Release/VoiceForge.build/Objects-normal/x86_64/LocalTranscriptionEngine.o -o /Users/nikhilreddy/Documents/Voice2Txt/VoiceInk/VoiceForge/build/Build/Intermediates.noindex/VoiceForge.build/Release/VoiceForge.build/Objects-normal/x86_64/NotificationManager.o -o /Users/nikhilreddy/Documents/Voice2Txt/VoiceInk/VoiceForge/build/Build/Intermediates.noindex/VoiceForge.build/Release/VoiceForge.build/Objects-normal/x86_64/OnboardingView.o -o /Users/nikhilreddy/Documents/Voice2Txt/VoiceInk/VoiceForge/build/Build/Intermediates.noindex/VoiceForge.build/Release/VoiceForge.build/Objects-normal/x86_64/SecureStorage.o -o /Users/nikhilreddy/Documents/Voice2Txt/VoiceInk/VoiceForge/build/Build/Intermediates.noindex/VoiceForge.build/Release/VoiceForge.build/Objects-normal/x86_64/TranscriptionHistoryManager.o -o /Users/nikhilreddy/Documents/Voice2Txt/VoiceInk/VoiceForge/build/Build/Intermediates.noindex/VoiceForge.build/Release/VoiceForge.build/Objects-normal/x86_64/TranscriptionModels.o -o /Users/nikhilreddy/Documents/Voice2Txt/VoiceInk/VoiceForge/build/Build/Intermediates.noindex/VoiceForge.build/Release/VoiceForge.build/Objects-normal/x86_64/TranscriptionOrchestrator.o -o /Users/nikhilreddy/Documents/Voice2Txt/VoiceInk/VoiceForge/build/Build/Intermediates.noindex/VoiceForge.build/Release/VoiceForge.build/Objects-normal/x86_64/UniversalRecorderView.o -o /Users/nikhilreddy/Documents/Voice2Txt/VoiceInk/VoiceForge/build/Build/Intermediates.noindex/VoiceForge.build/Release/VoiceForge.build/Objects-normal/x86_64/UtilityServices.o -o /Users/nikhilreddy/Documents/Voice2Txt/VoiceInk/VoiceForge/build/Build/Intermediates.noindex/VoiceForge.build/Release/VoiceForge.build/Objects-normal/x86_64/VocabularyManager.o -o /Users/nikhilreddy/Documents/Voice2Txt/VoiceInk/VoiceForge/build/Build/Intermediates.noindex/VoiceForge.build/Release/VoiceForge.build/Objects-normal/x86_64/VoiceActivityDetector.o -o /Users/nikhilreddy/Documents/Voice2Txt/VoiceInk/VoiceForge/build/Build/Intermediates.noindex/VoiceForge.build/Release/VoiceForge.build/Objects-normal/x86_64/VoiceForgeApp.o -index-unit-output-path /VoiceForge.build/Release/VoiceForge.build/Objects-normal/x86_64/AIEnhancementPipeline.o -index-unit-output-path /VoiceForge.build/Release/VoiceForge.build/Objects-normal/x86_64/AppCoordinator.o -index-unit-output-path /VoiceForge.build/Release/VoiceForge.build/Objects-normal/x86_64/AudioPipelineManager.o -index-unit-output-path /VoiceForge.build/Release/VoiceForge.build/Objects-normal/x86_64/CloudTranscriptionEngine.o -index-unit-output-path /VoiceForge.build/Release/VoiceForge.build/Objects-normal/x86_64/ContentView.o -index-unit-output-path /VoiceForge.build/Release/VoiceForge.build/Objects-normal/x86_64/ContextEngine.o -index-unit-output-path /VoiceForge.build/Release/VoiceForge.build/Objects-normal/x86_64/DependencyContainer.o -index-unit-output-path /VoiceForge.build/Release/VoiceForge.build/Objects-normal/x86_64/HotkeyEngine.o -index-unit-output-path /VoiceForge.build/Release/VoiceForge.build/Objects-normal/x86_64/LocalTranscriptionEngine.o -index-unit-output-path /VoiceForge.build/Release/VoiceForge.build/Objects-normal/x86_64/NotificationManager.o -index-unit-output-path /VoiceForge.build/Release/VoiceForge.build/Objects-normal/x86_64/OnboardingView.o -index-unit-output-path /VoiceForge.build/Release/VoiceForge.build/Objects-normal/x86_64/SecureStorage.o -index-unit-output-path /VoiceForge.build/Release/VoiceForge.build/Objects-normal/x86_64/TranscriptionHistoryManager.o -index-unit-output-path /VoiceForge.build/Release/VoiceForge.build/Objects-normal/x86_64/TranscriptionModels.o -index-unit-output-path /VoiceForge.build/Release/VoiceForge.build/Objects-normal/x86_64/TranscriptionOrchestrator.o -index-unit-output-path /VoiceForge.build/Release/VoiceForge.build/Objects-normal/x86_64/UniversalRecorderView.o -index-unit-output-path /VoiceForge.build/Release/VoiceForge.build/Objects-normal/x86_64/UtilityServices.o -index-unit-output-path /VoiceForge.build/Release/VoiceForge.build/Objects-normal/x86_64/VocabularyManager.o -index-unit-output-path /VoiceForge.build/Release/VoiceForge.build/Objects-normal/x86_64/VoiceActivityDetector.o -index-unit-output-path /VoiceForge.build/Release/VoiceForge.build/Objects-normal/x86_64/VoiceForgeApp.o
/Users/nikhilreddy/Documents/Voice2Txt/VoiceInk/VoiceForge/VoiceForge/AI/AIEnhancementPipeline.swift:212:25: error: cannot find 'NSPasteboard' in scope
        if let string = NSPasteboard.general.string(forType: .string) {
                        ^~~~~~~~~~~~
/Users/nikhilreddy/Documents/Voice2Txt/VoiceInk/VoiceForge/VoiceForge/AI/AIEnhancementPipeline.swift:212:63: error: cannot infer contextual base in reference to member 'string'
        if let string = NSPasteboard.general.string(forType: .string) {
                                                             ~^~~~~~
/Users/nikhilreddy/Documents/Voice2Txt/VoiceInk/VoiceForge/VoiceForge/App/AppCoordinator.swift:86:11: warning: 'catch' block is unreachable because no errors are thrown in 'do' block
        } catch {
          ^
/Users/nikhilreddy/Documents/Voice2Txt/VoiceInk/VoiceForge/VoiceForge/Audio/AudioPipelineManager.swift:64:9: error: call to main actor-isolated instance method 'cleanup()' in a synchronous nonisolated context
        cleanup()
        ^
/Users/nikhilreddy/Documents/Voice2Txt/VoiceInk/VoiceForge/VoiceForge/Audio/AudioPipelineManager.swift:317:10: note: calls to instance method 'cleanup()' from outside of its actor context are implicitly asynchronous
    func cleanup() {
         ^
/Users/nikhilreddy/Documents/Voice2Txt/VoiceInk/VoiceForge/VoiceForge/Audio/AudioPipelineManager.swift:199:15: error: contextual closure type '@convention(c) (AudioObjectID, UInt32, UnsafePointer<AudioObjectPropertyAddress>, UnsafeMutableRawPointer?) -> OSStatus' (aka '@convention(c) (UInt32, UInt32, UnsafePointer<AudioObjectPropertyAddress>, Optional<UnsafeMutableRawPointer>) -> Int32') expects 4 arguments, but 3 were used in closure body
            { _, _, clientData in
              ^
                              ,<#arg#> 
/Users/nikhilreddy/Documents/Voice2Txt/VoiceInk/VoiceForge/VoiceForge/Audio/AudioPipelineManager.swift:216:9: warning: result of call to 'stopRecording()' is unused
        stopRecording()
        ^            ~~
/Users/nikhilreddy/Documents/Voice2Txt/VoiceInk/VoiceForge/VoiceForge/Audio/AudioPipelineManager.swift:332:31: error: main actor-isolated property 'audioFile' can not be referenced from a nonisolated context
        guard let audioFile = audioFile,
                              ^
/Users/nikhilreddy/Documents/Voice2Txt/VoiceInk/VoiceForge/VoiceForge/Audio/AudioPipelineManager.swift:28:17: note: property declared here
    private var audioFile: AVAudioFile?
                ^
/Users/nikhilreddy/Documents/Voice2Txt/VoiceInk/VoiceForge/VoiceForge/Audio/AudioPipelineManager.swift:333:31: error: main actor-isolated property 'converter' can not be referenced from a nonisolated context
              let converter = converter,
                              ^
/Users/nikhilreddy/Documents/Voice2Txt/VoiceInk/VoiceForge/VoiceForge/Audio/AudioPipelineManager.swift:29:17: note: property declared here
    private var converter: AVAudioConverter?
                ^
/Users/nikhilreddy/Documents/Voice2Txt/VoiceInk/VoiceForge/VoiceForge/Audio/AudioPipelineManager.swift:334:28: error: main actor-isolated property 'recordingFormat' can not be referenced from a nonisolated context
              let format = recordingFormat else { return }
                           ^
/Users/nikhilreddy/Documents/Voice2Txt/VoiceInk/VoiceForge/VoiceForge/Audio/AudioPipelineManager.swift:30:17: note: property declared here
    private var recordingFormat: AVAudioFormat?
                ^
/Users/nikhilreddy/Documents/Voice2Txt/VoiceInk/VoiceForge/VoiceForge/Transcription/Cloud/CloudTranscriptionEngine.swift:163:23: error: call to main actor-isolated instance method 'hasAPIKey(for:)' in a synchronous nonisolated context
        secureStorage.hasAPIKey(for: type.keychainKey)
                      ^
/Users/nikhilreddy/Documents/Voice2Txt/VoiceInk/VoiceForge/VoiceForge/Security/SecureStorage.swift:68:10: note: calls to instance method 'hasAPIKey(for:)' from outside of its actor context are implicitly asynchronous
    func hasAPIKey(for identifier: String) -> Bool {
         ^
/Users/nikhilreddy/Documents/Voice2Txt/VoiceInk/VoiceForge/VoiceForge/Transcription/Cloud/CloudTranscriptionEngine.swift:240:23: error: call to main actor-isolated instance method 'hasAPIKey(for:)' in a synchronous nonisolated context
        secureStorage.hasAPIKey(for: type.keychainKey)
                      ^
/Users/nikhilreddy/Documents/Voice2Txt/VoiceInk/VoiceForge/VoiceForge/Security/SecureStorage.swift:68:10: note: calls to instance method 'hasAPIKey(for:)' from outside of its actor context are implicitly asynchronous
    func hasAPIKey(for identifier: String) -> Bool {
         ^
/Users/nikhilreddy/Documents/Voice2Txt/VoiceInk/VoiceForge/VoiceForge/Transcription/Cloud/CloudTranscriptionEngine.swift:313:23: error: call to main actor-isolated instance method 'hasAPIKey(for:)' in a synchronous nonisolated context
        secureStorage.hasAPIKey(for: type.keychainKey)
                      ^
/Users/nikhilreddy/Documents/Voice2Txt/VoiceInk/VoiceForge/VoiceForge/Security/SecureStorage.swift:68:10: note: calls to instance method 'hasAPIKey(for:)' from outside of its actor context are implicitly asynchronous
    func hasAPIKey(for identifier: String) -> Bool {
         ^
/Users/nikhilreddy/Documents/Voice2Txt/VoiceInk/VoiceForge/VoiceForge/Context/ContextEngine.swift:40:19: warning: initialization of immutable value 'temporal' was never used; consider replacing with assignment to '_' or removing it
        async let temporal = getTemporalContext()
              ~~~~^~~~~~~~
              _
/Users/nikhilreddy/Documents/Voice2Txt/VoiceInk/VoiceForge/VoiceForge/Context/ContextEngine.swift:189:37: warning: immutable value 'deviceName' was never used; consider replacing with '_' or removing it
            case .audioDeviceIs(let deviceName):
                                ~~~~^~~~~~~~~~
                                _
/Users/nikhilreddy/Documents/Voice2Txt/VoiceInk/VoiceForge/VoiceForge/Context/ContextEngine.swift:226:43: error: class 'JSONDecoder' requires that 'ContextRule' conform to 'Decodable'
           let rules = try? JSONDecoder().decode([ContextRule].self, from: data) {
                                          ^
Swift.Array:1:11: note: requirement from conditional conformance of '[ContextRule]' to 'Decodable'
extension Array : Decodable where Element : Decodable {
          ^
/Users/nikhilreddy/Documents/Voice2Txt/VoiceInk/VoiceForge/VoiceForge/Context/ContextEngine.swift:232:42: error: class 'JSONEncoder' requires that 'ContextRule' conform to 'Encodable'
        if let data = try? JSONEncoder().encode(contextRules) {
                                         ^
Swift.Array:1:11: note: requirement from conditional conformance of '[ContextRule]' to 'Encodable'
extension Array : Encodable where Element : Encodable {
          ^
/Users/nikhilreddy/Documents/Voice2Txt/VoiceInk/VoiceForge/VoiceForge/Input/HotkeyEngine.swift:114:9: error: call to main actor-isolated instance method 'stopMonitoring()' in a synchronous nonisolated context
        stopMonitoring()
        ^
/Users/nikhilreddy/Documents/Voice2Txt/VoiceInk/VoiceForge/VoiceForge/Input/HotkeyEngine.swift:128:10: note: calls to instance method 'stopMonitoring()' from outside of its actor context are implicitly asynchronous
    func stopMonitoring() {
         ^
/Users/nikhilreddy/Documents/Voice2Txt/VoiceInk/VoiceForge/VoiceForge/Input/HotkeyEngine.swift:200:50: error: value of type 'TranscriptionOrchestrator' has no member 'cancelRecording'
                await self?.transcriptionEngine?.cancelRecording()
                      ~~~~~~~~~~~~~~~~~~~~~~~~~~ ^~~~~~~~~~~~~~~
/Users/nikhilreddy/Documents/Voice2Txt/VoiceInk/VoiceForge/VoiceForge/Transcription/Local/LocalTranscriptionEngine.swift:32:9: error: call to main actor-isolated instance method 'unloadModels()' in a synchronous nonisolated context
        unloadModels()
        ^
/Users/nikhilreddy/Documents/Voice2Txt/VoiceInk/VoiceForge/VoiceForge/Transcription/Local/LocalTranscriptionEngine.swift:58:10: note: calls to instance method 'unloadModels()' from outside of its actor context are implicitly asynchronous
    func unloadModels() {
         ^
/Users/nikhilreddy/Documents/Voice2Txt/VoiceInk/VoiceForge/VoiceForge/Security/SecureStorage.swift:241:13: warning: initialization of immutable value 'event' was never used; consider replacing with assignment to '_' or removing it
        let event = DataAccessEvent(
        ~~~~^~~~~
        _
/Users/nikhilreddy/Documents/Voice2Txt/VoiceInk/VoiceForge/VoiceForge/Transcription/TranscriptionOrchestrator.swift:311:13: error: cannot find 'AVCaptureDevice' in scope
            AVCaptureDevice.requestAccess(for: .audio) { granted in
            ^~~~~~~~~~~~~~~
/Users/nikhilreddy/Documents/Voice2Txt/VoiceInk/VoiceForge/VoiceForge/Transcription/TranscriptionOrchestrator.swift:311:49: error: cannot infer contextual base in reference to member 'audio'
            AVCaptureDevice.requestAccess(for: .audio) { granted in
                                               ~^~~~~

CreateUniversalBinary /Users/nikhilreddy/Documents/Voice2Txt/VoiceInk/VoiceForge/build/Build/Products/Release/KeyboardShortcuts.o normal arm64\ x86_64 (in target 'KeyboardShortcuts' from project 'KeyboardShortcuts')
    cd /Users/nikhilreddy/Documents/Voice2Txt/VoiceInk/VoiceForge/build/SourcePackages/checkouts/KeyboardShortcuts
    /Applications/Xcode.app/Contents/Developer/Toolchains/XcodeDefault.xctoolchain/usr/bin/lipo -create /Users/nikhilreddy/Documents/Voice2Txt/VoiceInk/VoiceForge/build/Build/Intermediates.noindex/KeyboardShortcuts.build/Release/KeyboardShortcuts.build/Objects-normal/arm64/Binary/KeyboardShortcuts.o /Users/nikhilreddy/Documents/Voice2Txt/VoiceInk/VoiceForge/build/Build/Intermediates.noindex/KeyboardShortcuts.build/Release/KeyboardShortcuts.build/Objects-normal/x86_64/Binary/KeyboardShortcuts.o -output /Users/nikhilreddy/Documents/Voice2Txt/VoiceInk/VoiceForge/build/Build/Products/Release/KeyboardShortcuts.o

RegisterExecutionPolicyException /Users/nikhilreddy/Documents/Voice2Txt/VoiceInk/VoiceForge/build/Build/Products/Release/KeyboardShortcuts.o (in target 'KeyboardShortcuts' from project 'KeyboardShortcuts')
    cd /Users/nikhilreddy/Documents/Voice2Txt/VoiceInk/VoiceForge/build/SourcePackages/checkouts/KeyboardShortcuts
    builtin-RegisterExecutionPolicyException /Users/nikhilreddy/Documents/Voice2Txt/VoiceInk/VoiceForge/build/Build/Products/Release/KeyboardShortcuts.o

Copy /Users/nikhilreddy/Documents/Voice2Txt/VoiceInk/VoiceForge/build/Build/Products/Release/VoiceForge.app/Contents/Resources/KeyboardShortcuts_KeyboardShortcuts.bundle /Users/nikhilreddy/Documents/Voice2Txt/VoiceInk/VoiceForge/build/Build/Products/Release/KeyboardShortcuts_KeyboardShortcuts.bundle (in target 'VoiceForge' from project 'VoiceForge')
    cd /Users/nikhilreddy/Documents/Voice2Txt/VoiceInk/VoiceForge
    builtin-copy -exclude .DS_Store -exclude CVS -exclude .svn -exclude .git -exclude .hg -resolve-src-symlinks /Users/nikhilreddy/Documents/Voice2Txt/VoiceInk/VoiceForge/build/Build/Products/Release/KeyboardShortcuts_KeyboardShortcuts.bundle /Users/nikhilreddy/Documents/Voice2Txt/VoiceInk/VoiceForge/build/Build/Products/Release/VoiceForge.app/Contents/Resources

CpResource /Users/nikhilreddy/Documents/Voice2Txt/VoiceInk/VoiceForge/build/Build/Products/Release/VoiceForge.app/Contents/Resources/libwhisper.a /Users/nikhilreddy/Documents/Voice2Txt/VoiceInk/VoiceForge/VoiceForge/Frameworks/whisper.xcframework/macos-arm64_x86_64/libwhisper.a (in target 'VoiceForge' from project 'VoiceForge')
    cd /Users/nikhilreddy/Documents/Voice2Txt/VoiceInk/VoiceForge
    builtin-copy -exclude .DS_Store -exclude CVS -exclude .svn -exclude .git -exclude .hg -resolve-src-symlinks /Users/nikhilreddy/Documents/Voice2Txt/VoiceInk/VoiceForge/VoiceForge/Frameworks/whisper.xcframework/macos-arm64_x86_64/libwhisper.a /Users/nikhilreddy/Documents/Voice2Txt/VoiceInk/VoiceForge/build/Build/Products/Release/VoiceForge.app/Contents/Resources

Copy /Users/nikhilreddy/Documents/Voice2Txt/VoiceInk/VoiceForge/build/Build/Products/Release/VoiceForge.app/Contents/Frameworks/Sparkle.framework /Users/nikhilreddy/Documents/Voice2Txt/VoiceInk/VoiceForge/build/SourcePackages/artifacts/sparkle/Sparkle/Sparkle.xcframework/macos-arm64_x86_64/Sparkle.framework (in target 'VoiceForge' from project 'VoiceForge')
    cd /Users/nikhilreddy/Documents/Voice2Txt/VoiceInk/VoiceForge
    builtin-copy -exclude .DS_Store -exclude CVS -exclude .svn -exclude .git -exclude .hg -exclude Headers -exclude PrivateHeaders -exclude Modules -exclude \*.tbd -resolve-src-symlinks -remove-static-executable /Users/nikhilreddy/Documents/Voice2Txt/VoiceInk/VoiceForge/build/SourcePackages/artifacts/sparkle/Sparkle/Sparkle.xcframework/macos-arm64_x86_64/Sparkle.framework /Users/nikhilreddy/Documents/Voice2Txt/VoiceInk/VoiceForge/build/Build/Products/Release/VoiceForge.app/Contents/Frameworks

ProcessInfoPlistFile /Users/nikhilreddy/Documents/Voice2Txt/VoiceInk/VoiceForge/build/Build/Products/Release/VoiceForge.app/Contents/Info.plist /Users/nikhilreddy/Documents/Voice2Txt/VoiceInk/VoiceForge/VoiceForge/Info.plist (in target 'VoiceForge' from project 'VoiceForge')
    cd /Users/nikhilreddy/Documents/Voice2Txt/VoiceInk/VoiceForge
    builtin-infoPlistUtility /Users/nikhilreddy/Documents/Voice2Txt/VoiceInk/VoiceForge/VoiceForge/Info.plist -producttype com.apple.product-type.application -genpkginfo /Users/nikhilreddy/Documents/Voice2Txt/VoiceInk/VoiceForge/build/Build/Products/Release/VoiceForge.app/Contents/PkgInfo -expandbuildsettings -platform macosx -scanforprivacyfile /Users/nikhilreddy/Documents/Voice2Txt/VoiceInk/VoiceForge/build/Build/Products/Release/VoiceForge.app/Contents/Frameworks/Sparkle.framework -scanforprivacyfile /Users/nikhilreddy/Documents/Voice2Txt/VoiceInk/VoiceForge/build/Build/Products/Release/VoiceForge.app/Contents/Resources/KeyboardShortcuts_KeyboardShortcuts.bundle -o /Users/nikhilreddy/Documents/Voice2Txt/VoiceInk/VoiceForge/build/Build/Products/Release/VoiceForge.app/Contents/Info.plist

note: Disabling previews because SWIFT_VERSION is set and SWIFT_OPTIMIZATION_LEVEL=-Owholemodule, expected -Onone (in target 'KeyboardShortcuts' from project 'KeyboardShortcuts')
note: Disabling previews because SWIFT_VERSION is set and SWIFT_OPTIMIZATION_LEVEL=-O, expected -Onone (in target 'VoiceForge' from project 'VoiceForge')
** BUILD FAILED **


The following build commands failed:
	CompileSwift normal arm64 (in target 'VoiceForge' from project 'VoiceForge')
	SwiftCompile normal arm64 Compiling\ AIEnhancementPipeline.swift,\ AppCoordinator.swift,\ AudioPipelineManager.swift,\ CloudTranscriptionEngine.swift,\ ContentView.swift,\ ContextEngine.swift,\ DependencyContainer.swift,\ HotkeyEngine.swift,\ LocalTranscriptionEngine.swift,\ NotificationManager.swift,\ OnboardingView.swift,\ SecureStorage.swift,\ TranscriptionHistoryManager.swift,\ TranscriptionModels.swift,\ TranscriptionOrchestrator.swift,\ UniversalRecorderView.swift,\ UtilityServices.swift,\ VocabularyManager.swift,\ VoiceActivityDetector.swift,\ VoiceForgeApp.swift /Users/nikhilreddy/Documents/Voice2Txt/VoiceInk/VoiceForge/VoiceForge/AI/AIEnhancementPipeline.swift /Users/nikhilreddy/Documents/Voice2Txt/VoiceInk/VoiceForge/VoiceForge/App/AppCoordinator.swift /Users/nikhilreddy/Documents/Voice2Txt/VoiceInk/VoiceForge/VoiceForge/Audio/AudioPipelineManager.swift /Users/nikhilreddy/Documents/Voice2Txt/VoiceInk/VoiceForge/VoiceForge/Transcription/Cloud/CloudTranscriptionEngine.swift /Users/nikhilreddy/Documents/Voice2Txt/VoiceInk/VoiceForge/VoiceForge/Views/ContentView.swift /Users/nikhilreddy/Documents/Voice2Txt/VoiceInk/VoiceForge/VoiceForge/Context/ContextEngine.swift /Users/nikhilreddy/Documents/Voice2Txt/VoiceInk/VoiceForge/VoiceForge/App/DependencyContainer.swift /Users/nikhilreddy/Documents/Voice2Txt/VoiceInk/VoiceForge/VoiceForge/Input/HotkeyEngine.swift /Users/nikhilreddy/Documents/Voice2Txt/VoiceInk/VoiceForge/VoiceForge/Transcription/Local/LocalTranscriptionEngine.swift /Users/nikhilreddy/Documents/Voice2Txt/VoiceInk/VoiceForge/VoiceForge/Notifications/NotificationManager.swift /Users/nikhilreddy/Documents/Voice2Txt/VoiceInk/VoiceForge/VoiceForge/Views/Onboarding/OnboardingView.swift /Users/nikhilreddy/Documents/Voice2Txt/VoiceInk/VoiceForge/VoiceForge/Security/SecureStorage.swift /Users/nikhilreddy/Documents/Voice2Txt/VoiceInk/VoiceForge/VoiceForge/History/TranscriptionHistoryManager.swift /Users/nikhilreddy/Documents/Voice2Txt/VoiceInk/VoiceForge/VoiceForge/Core/Models/TranscriptionModels.swift /Users/nikhilreddy/Documents/Voice2Txt/VoiceInk/VoiceForge/VoiceForge/Transcription/TranscriptionOrchestrator.swift /Users/nikhilreddy/Documents/Voice2Txt/VoiceInk/VoiceForge/VoiceForge/Views/Recorder/UniversalRecorderView.swift /Users/nikhilreddy/Documents/Voice2Txt/VoiceInk/VoiceForge/VoiceForge/Core/Services/UtilityServices.swift /Users/nikhilreddy/Documents/Voice2Txt/VoiceInk/VoiceForge/VoiceForge/Dictionary/VocabularyManager.swift /Users/nikhilreddy/Documents/Voice2Txt/VoiceInk/VoiceForge/VoiceForge/Audio/VoiceActivityDetector.swift /Users/nikhilreddy/Documents/Voice2Txt/VoiceInk/VoiceForge/VoiceForge/App/VoiceForgeApp.swift (in target 'VoiceForge' from project 'VoiceForge')
	CompileSwift normal x86_64 (in target 'VoiceForge' from project 'VoiceForge')
	Building project VoiceForge with scheme VoiceForge and configuration Release
(4 failures)
